MatchId,Player,Team,Rating_Q1,Rating_Q2,Rating_Q3,Rating_Q4,RatingPoints,EstimatedRating,Equity_PreClearance,Equity_PostClearance,Equity_Possession,Equity_BallUse,CoachesVotes,Supercoach,DreamTeamPoints,ExpVotes,Votes3,TimeOnGround,Kicks,Handballs,Disposals,DisposalEfficiency,MetresGained,AssistedMetresGained,Inside50s,Turnovers,Tackles,PressureActs,KickIns,ContestedPossessions,GroundBallGets,PostClearanceContestedPossessions,PostClearanceGroundBallGets,HandballReceives,Intercepts,Marks,InterceptMarks,ContestedMarks,CentreBounceAttendancePercentage,TotalClearances,FirstPossessions,RuckContests,Hitouts,HitoutsToAdvantage,ShotsAtGoal,Goals,Behinds,xScore,xScoreRating,GoalAssists,ScoreInvolvements,ScoreLaunches
20260301,Bailey Smith,Geelong,8.7,4.4,3.3,6.2,22.6,13.27,7.1,10.9,9.9,6.5,9,172,154,2.93,93,84,25,15,40,60,795,243,7,8,10,26,0,16,13,5,5,16,2,2,0,0,82,6,8,0,0,0,1,0,0,1.8,-1.8,1,5,1
20260301,Shaun Mannagh,Geelong,10.2,1.9,7,3.2,22.2,12.05,4.2,10.5,8.7,6.9,5,119,98,0.12,0,82,16,8,24,58.3,387,299,6,1,5,11,0,11,9,8,7,5,3,2,0,0,0,4,4,0,0,0,6,1,1,17.5,-10.5,1,8,3
20260301,Josh Rachele,Adelaide,3.4,6.8,7.8,-0.5,17.5,8.92,10.6,5.9,6.9,13.1,6,127,114,1.04,4,78,21,10,31,71,651,421,7,8,4,16,0,13,10,4,4,10,2,5,0,0,64,7,5,0,0,0,1,1,0,3.1,2.9,2,6,1
20260301,Max Holmes,Geelong,2.6,0.8,7.3,4.8,15.5,14.8,3.5,9.2,7.4,6.6,4,121,111,0.69,2,77,20,7,27,70.4,603,326,5,4,5,17,0,9,7,7,6,10,5,5,0,0,73,2,2,0,0,0,3,1,1,10.4,-3.4,0,7,1
20260301,Josh Worrell,Adelaide,0.7,1.2,4,6.2,12.1,9.36,0.3,10.1,6.6,2.8,0,97,102,0.05,0,85,21,9,30,73.3,895,179,5,11,2,9,5,8,8,7,7,7,11,5,1,0,0,0,0,0,0,0,0,0,0,0,0,0,2,2
20260301,Connor O'Sullivan,Geelong,1.1,1.9,7.1,1.8,11.9,8.54,0,9.9,7.4,2.7,0,106,92,0.05,0,90,11,12,23,87,436,318,1,2,2,10,0,9,4,9,4,6,9,9,1,2,0,0,0,0,0,0,0,0,0,0,0,0,2,0
20260301,Shannon Neale,Geelong,1.6,-0.3,3.2,6.8,11.3,8.67,3.1,4.1,6.2,0.4,0,105,61,0,0,92,4,9,13,69.2,119,116,3,3,3,8,0,9,6,6,4,1,1,2,0,1,0,2,3,35,15,5,1,0,1,3.5,-2.5,0,4,3
20260301,Lachlan McAndrew,Adelaide,2.6,2.4,2.9,3.2,11.1,9.61,3.9,5.1,6,0.7,0,68,92,0.01,0,77,9,8,17,64.7,177,201,2,3,1,16,0,7,4,3,3,7,4,1,1,0,77,4,5,80,40,8,0,0,0,0,0,0,2,1
20260301,Riley Thilthorpe,Adelaide,5,-0.3,1.2,4.8,10.7,12.27,0,8.4,6.8,2.5,0,71,74,0,0,89,10,4,14,64.3,358,82,5,3,1,11,0,6,3,6,3,1,1,8,0,2,0,0,0,0,0,0,2,1,1,5.6,1.4,1,5,0
20260301,Tom Stewart,Geelong,4.5,2.4,4.4,-0.6,10.6,10.52,1.5,9.7,6.4,1.9,2,120,109,0.14,0,82,21,3,24,79.2,632,169,1,8,4,5,4,8,5,7,4,5,9,6,1,0,0,1,0,0,0,0,1,1,0,3.9,2.1,0,3,2
20260301,Zac Taylor,Adelaide,3.8,1.1,4.1,1.1,10.1,6.43,0.1,10.4,2.2,8.4,0,64,52,0,0,66,5,2,7,100,110,138,0,0,0,5,0,1,1,1,1,0,0,5,0,0,0,0,0,0,0,0,3,3,0,13.2,4.8,1,6,0
20260301,James Peatling,Adelaide,4,2.8,4.1,-0.9,10,9.02,6.5,0.4,6,0.9,0,86,77,0.03,0,76,11,11,22,77.3,306,279,1,7,4,21,0,10,8,3,3,11,1,2,0,0,73,6,4,0,0,0,0,0,0,0,0,0,5,3
20260301,Gryan Miers,Geelong,0,5.4,3.4,1.2,10,11.13,0.9,4.8,4.4,0.3,1,113,123,0.17,0,79,17,8,25,68,393,224,6,4,8,31,0,5,3,2,1,11,3,7,1,0,18,2,2,0,0,0,1,0,1,2.4,-1.4,0,4,0
20260301,Brayden Cook,Adelaide,3.6,1.4,3.3,1,9.3,6.88,0.9,7.3,5,4.4,0,80,83,0.01,0,87,13,8,21,81,518,182,3,3,3,17,0,3,3,2,2,12,4,6,3,0,0,1,1,0,0,0,1,0,1,1.7,-0.7,0,3,0
20260301,Jake Soligo,Adelaide,1.5,3.7,3.9,-0.1,9,10.67,2.2,4.3,6.4,1.7,0,94,92,0.04,0,84,13,8,21,57.1,349,229,3,4,9,21,0,8,8,2,2,7,4,4,2,0,73,2,4,0,0,0,1,0,0,2.3,-2.3,1,2,0
20260301,Jack Martin,Geelong,0.9,7,-2.2,3.2,8.9,7.47,3.9,2.7,5,1.6,0,81,81,0.07,0,75,10,4,14,50,328,63,2,3,3,10,0,5,3,3,2,5,0,3,0,0,0,1,0,0,0,0,6,3,2,21,-1,0,5,0
20260301,Nick Murray,Adelaide,1.5,1.1,2.3,4,8.8,7.41,0.6,9.7,3.7,4.2,0,80,62,0,0,98,10,2,12,75,439,27,1,2,4,10,1,4,1,3,1,5,5,3,1,1,0,1,1,0,0,0,1,1,0,2.7,3.3,0,2,1
20260301,Jordon Butts,Adelaide,2.4,-1.5,4.1,3.7,8.7,6.17,-0.6,8.4,4.6,-1.5,0,49,29,0,0,88,6,5,11,72.7,92,177,0,3,0,7,0,4,3,4,3,4,4,2,0,0,0,1,0,0,0,0,0,0,0,0,0,0,0,0
20260301,Izak Rankine,Adelaide,2.2,5.3,0.8,0.4,8.6,12.85,3,5.3,3.3,6.1,0,34,21,0,0,79,6,1,7,57.1,165,70,1,3,1,19,0,5,3,3,2,2,0,0,0,0,5,1,2,0,0,0,1,1,0,5.4,0.6,1,3,0
20260301,Hugh Bond,Adelaide,-0.5,0.5,2.3,6.2,8.5,5,1,4.9,3.5,2.5,0,84,54,0,0,81,6,2,8,75,222,63,1,3,8,20,0,4,3,3,3,3,3,1,0,0,0,1,0,0,0,0,0,0,0,0,0,0,0,0
20260301,Jhye Clark,Geelong,-0.1,0.1,0,8.4,8.5,6.92,0.4,7.6,4.8,3.1,0,69,61,0.01,0,67,7,8,15,53.3,251,101,5,2,5,16,0,8,6,3,2,4,1,2,0,0,18,2,5,0,0,0,2,0,0,5.6,-5.6,0,1,1
20260301,Ben Keays,Adelaide,2.4,0.2,4.2,1.6,8.3,9.19,0,4.2,2.8,2.6,0,57,55,0,0,90,7,8,15,80,170,162,4,4,4,11,0,4,3,4,3,4,1,2,0,0,0,0,0,0,0,0,1,0,1,2.4,-1.4,0,6,1
20260301,Mark Blicavs,Geelong,1.1,1.5,1.6,3.7,7.9,9.34,6.7,2.9,7.2,2,0,92,98,0.22,0,81,14,10,24,58.3,431,248,5,4,2,9,0,8,3,3,2,8,4,6,2,1,50,4,5,32,11,3,2,0,1,4.2,-3.2,1,6,1
20260301,Mark O'Connor,Geelong,3.1,1.1,0.1,3.1,7.3,6.27,1.8,4.2,4.8,1.2,0,83,65,0,0,68,9,8,17,88.2,150,235,2,2,1,5,0,7,5,4,3,4,4,6,1,0,0,2,3,0,0,0,0,0,0,0,0,0,2,0
20260301,Jack Henry,Geelong,0.9,1.7,2.1,2.5,7.2,8.36,0,6.6,6.3,1.1,0,63,41,0,0,94,9,1,10,90,173,100,1,1,0,8,0,5,2,5,2,0,7,5,2,1,0,0,0,0,0,0,0,0,0,0,0,0,1,1
20260301,Isaac Cumming,Adelaide,1.3,5.1,1,-0.3,7.1,7.57,-0.5,6.6,1.9,1.9,0,44,56,0,0,72,7,3,10,50,145,59,0,2,5,14,0,3,3,3,3,5,1,1,0,0,0,0,0,0,0,0,1,1,0,2.7,3.3,0,1,0
20260301,Max Michalanney,Adelaide,0.6,2.6,1.7,2.2,7.1,5.93,1,3.8,4.1,0.5,0,73,69,0,0,95,7,4,11,81.8,142,135,0,1,8,16,0,5,4,4,3,3,6,3,1,0,0,1,0,0,0,0,0,0,0,0,0,1,1,1
20260301,Tanner Bruhn,Geelong,6,0,0.9,0,6.9,9.66,2.4,2.6,3.5,1.5,0,47,53,0.01,0,64,9,6,15,73.3,157,174,3,2,2,7,0,5,5,3,3,5,0,2,0,0,32,3,1,0,0,0,0,0,0,0,0,0,2,1
20260301,Sam De Koning,Geelong,0.6,0.6,3.2,2.2,6.7,8.06,0.1,6.8,8.3,-3.2,2,87,84,0.1,0,69,11,7,18,66.7,273,232,1,5,1,6,0,6,2,6,2,2,9,12,6,4,0,0,0,0,0,0,0,0,0,0,0,0,1,0
20260301,Sam Berry,Adelaide,-1.6,2.7,3.3,2.2,6.6,9.99,4.3,0.4,6.9,-0.1,0,81,86,0.08,0,71,13,9,22,68.2,367,213,2,2,5,18,0,13,7,4,3,5,4,3,1,0,86,9,8,0,0,0,1,0,1,3.7,-2.7,0,2,0
20260301,Wayne Milera,Adelaide,-0.5,2.5,4.1,0.5,6.6,9.4,0.2,2.2,4.4,-2.1,0,57,68,0,0,73,10,9,19,73.7,312,295,1,5,2,14,4,5,5,5,5,2,7,4,0,0,0,1,0,0,0,0,0,0,0,0,0,0,2,1
20260301,Oisin Mullin,Geelong,0.2,2.5,1.2,2.7,6.5,6.07,2.6,5.2,2.7,3.1,1,52,54,0,0,83,10,3,13,92.3,143,208,0,1,2,11,0,4,2,3,2,4,5,3,1,0,0,2,2,0,0,0,0,0,0,0,0,0,1,0
20260301,Chayce Jones,Adelaide,3.2,1.9,0.8,0.4,6.2,6.67,0.1,4.2,2,2.3,0,38,29,0,0,76,7,2,9,88.9,281,82,0,2,1,10,4,2,2,2,2,1,3,0,0,0,0,0,0,0,0,0,0,0,0,0,0,0,1,1
20260301,Oliver Wiltshire,Geelong,4.4,-2.1,1.7,1.8,6,5.94,1.3,2.8,3.5,2.3,0,39,44,0,0,75,8,6,14,57.1,214,250,5,3,2,14,0,5,5,4,4,4,2,1,0,0,0,1,1,0,0,0,3,0,0,6.8,-6.8,1,5,1
20260301,Mitchell Edwards,Geelong,3.4,1.6,0.8,0,5.8,6.43,1.8,2.3,4.5,0,0,32,29,0,0,45,2,4,6,50,95,63,1,0,1,6,0,6,2,4,1,1,2,0,0,0,50,2,3,34,12,1,0,0,0,0,0,0,1,1
20260301,Oliver Dempsey,Geelong,1.6,-0.5,4.6,0.1,5.8,10.97,-0.5,2.7,7.1,0.3,0,96,93,0.08,0,79,12,9,21,61.9,333,152,4,7,2,14,0,8,6,6,4,4,4,7,1,1,0,1,2,0,0,0,3,2,0,11.9,0.1,0,7,1
20260301,Luke Nankervis,Adelaide,0.6,2.4,0,2.5,5.5,6.71,0.1,6,4.8,0.8,0,39,37,0,0,45,6,4,10,70,231,97,2,1,1,4,0,4,2,3,1,3,4,2,2,1,0,0,1,0,0,0,1,0,0,2.8,-2.8,0,2,1
20260301,Tom Atkins,Geelong,2.8,3.2,-0.6,0.1,5.5,13,2.7,1.6,7.8,-2.8,0,81,90,0.12,0,74,11,12,23,43.5,225,140,2,4,8,24,0,14,10,3,3,4,3,1,0,0,77,6,9,0,0,0,0,0,0,0,0,0,4,2
20260301,Oliver Henry,Geelong,3.9,0.1,0.4,0.9,5.3,6.88,0.3,3.6,3.3,0.3,0,43,55,0,0,88,9,3,12,33.3,178,35,2,2,2,13,0,5,2,3,1,4,0,2,0,1,0,1,2,0,0,0,5,1,0,15.5,-9.5,0,4,1
20260301,Alex Neal-Bullen,Adelaide,0.3,0.2,-0.4,3.9,3.9,10.11,0,4.1,4.1,1.6,0,54,55,0,0,79,9,2,11,45.5,268,35,2,4,3,13,0,5,5,5,5,3,2,3,0,0,0,0,0,0,0,0,1,1,0,3.1,2.9,0,2,1
20260301,Lawson Humphries,Geelong,-0.5,2,2,0.4,3.9,8.2,0,2.7,4.1,0.7,0,51,55,0,0,79,11,1,12,75,245,141,1,2,1,6,2,4,2,4,2,2,5,5,1,0,0,0,0,0,0,0,0,0,0,0,0,0,3,3
20260301,Finnbar Maley,Adelaide,0.4,1.9,-0.1,0.2,2.5,4.47,0.3,0.9,3.9,-1.5,0,41,40,0,0,58,4,3,7,71.4,96,26,2,2,2,10,0,4,2,3,1,1,2,4,2,2,23,0,1,23,11,2,0,0,0,0,0,0,3,1
20260301,Zach Guthrie,Geelong,-0.5,0,0.7,1.5,1.6,8.42,0,0.6,1,0.1,0,40,49,0,0,77,5,3,8,87.5,65,71,0,1,4,9,0,1,1,1,1,2,1,4,0,0,0,0,0,0,0,0,0,0,0,0,0,0,0,0
20260301,Jeremy Cameron,Geelong,-0.8,-0.6,0.7,1.5,0.8,10.85,0,-1.8,2.5,-4.3,0,45,64,0,0,97,10,1,11,45.5,262,81,4,4,3,8,0,1,1,1,1,4,3,6,3,0,0,0,0,1,0,0,3,0,2,8.2,-6.2,0,2,0
20260301,Darcy Fogarty,Adelaide,-2.4,0.5,1.3,0.8,0.2,5.95,0,3,4.6,-0.2,0,24,30,0,0,80,2,5,7,42.9,88,73,1,4,4,9,0,6,5,6,5,0,2,1,0,0,0,0,0,0,0,0,0,0,0,0,0,1,2,0
20260301,Luke Pedlar,Adelaide,0.3,0.8,-1.2,0,-0.2,5.75,0,-1.2,2.2,-3.4,0,1,19,0,0,72,5,2,7,14.3,141,58,2,5,0,7,0,3,3,3,3,0,2,0,0,0,0,0,0,0,0,0,1,0,0,2.6,-2.6,0,1,0
20260302,Nick Daicos,Collingwood,3.3,1,14.7,3.9,22.8,15.51,7,12.1,8.5,11.7,10,150,140,2.99,99,85,20,16,36,66.7,770,334,12,9,5,16,0,12,8,5,5,19,3,4,0,0,83,6,6,0,0,0,4,2,2,10.6,3.4,1,7,1
20260302,Lachie Whitfield,Greater Western Sydney,3.7,3,3.5,8.1,18.3,9.61,2.6,12,7.7,7.7,0,128,129,0.06,0,82,20,19,39,87.2,443,448,5,5,3,4,6,10,8,8,7,18,6,7,0,0,0,2,2,0,0,0,0,0,0,0,0,1,6,1
20260302,Clayton Oliver,Greater Western Sydney,4.4,5.2,5.3,2.9,17.8,11.58,11.1,2.5,7.4,6.2,3,111,104,0.39,0,81,11,26,37,75.7,271,425,4,5,2,13,0,16,12,1,1,14,2,3,0,0,92,9,13,0,0,0,1,0,1,2.1,-1.1,0,6,3
20260302,Lachie Schultz,Collingwood,4.3,3.3,3.6,6.3,17.6,8.33,3.4,9.9,9,4.3,0,102,82,0.04,0,86,8,9,17,64.7,265,184,3,3,6,24,0,10,5,7,4,5,3,3,0,2,8,3,2,0,0,0,2,1,0,6.3,-0.3,1,7,1
20260302,Harvey Thomas,Greater Western Sydney,2.9,1.5,8,4.2,16.5,9.48,2.8,9.2,6.1,5.9,0,117,100,0.01,0,82,12,15,27,77.8,232,289,2,3,3,12,0,8,7,5,5,13,3,5,1,0,0,3,1,0,0,0,1,1,0,4.6,1.4,0,7,2
20260302,Jack Crisp,Collingwood,6.6,3.1,2.5,3.9,16.1,12.25,1,12.3,6,6.5,2,102,103,0.18,0,82,13,13,26,84.6,419,334,3,3,4,22,0,9,7,7,6,7,6,8,1,0,8,1,2,0,0,0,0,0,0,0,0,1,6,2
20260302,Connor Idun,Greater Western Sydney,2.5,4.6,3.4,5.3,15.7,9.86,0,14.8,6.4,5.8,1,107,81,0.01,0,100,14,9,23,91.3,344,311,1,4,0,5,0,6,6,6,6,7,10,7,1,0,0,0,0,0,0,0,0,0,0,0,0,0,2,2
20260302,Finn Callaghan,Greater Western Sydney,6,5.5,0.2,3.5,15.3,14.27,-1,10.1,5.4,4.3,4,124,116,0.5,0,80,14,21,35,82.9,605,148,7,7,4,18,0,6,5,3,2,23,4,6,2,1,88,3,1,0,0,0,0,0,0,0,0,0,4,1
20260302,Oscar Steene,Collingwood,7,-0.4,6.4,1.7,14.7,5.72,4,8.2,7.3,0.8,0,83,52,0.01,0,60,3,5,8,75,-1,46,0,0,0,7,0,7,4,3,2,0,3,2,1,1,58,1,3,37,20,7,1,1,0,6,0,0,3,3
20260302,Toby Greene,Greater Western Sydney,2.3,2,6.7,2.8,13.8,9.68,3,7.3,5.4,5.9,0,78,60,0.03,0,84,8,13,21,76.2,308,182,5,2,1,9,0,11,6,3,3,9,2,2,0,0,75,5,8,0,0,0,2,1,0,4.7,1.3,0,5,0
20260302,Billy Frampton,Collingwood,2.2,4.8,1.3,4.2,12.5,7.34,0,11.7,6.8,0.1,3,74,64,0.05,0,90,10,5,15,86.7,204,90,0,3,1,4,0,6,3,6,3,3,8,7,3,1,0,0,0,0,0,0,0,0,0,0,0,0,0,0
20260302,Kieren Briggs,Greater Western Sydney,6.4,1.3,0.2,4.6,12.4,11.79,7.8,2.2,6,0.8,0,99,70,0,0,76,9,6,15,80,215,136,4,2,0,14,0,7,5,3,1,3,2,5,1,2,88,4,5,53,18,11,1,0,1,3.3,-2.3,0,6,1
20260302,Lachie Ash,Greater Western Sydney,6,-0.7,1,6.1,12.4,11.46,0,11.6,4.8,5.6,0,106,104,0.02,0,80,18,10,28,85.7,347,414,0,3,0,5,1,4,3,4,3,13,4,10,2,1,0,0,0,0,0,0,0,0,0,0,0,0,5,0
20260302,Tim Membrey,Collingwood,9.6,-0.8,-0.9,4.4,12.2,5.04,0,10.8,6.2,3.9,1,79,79,0.24,0,94,8,5,13,61.5,169,77,1,3,0,7,0,3,2,3,2,3,1,7,0,1,0,0,0,0,0,0,5,4,0,20.5,3.5,1,8,1
20260302,Beau McCreery,Collingwood,3,2.1,4.4,2.6,12.1,9.02,2.8,5.8,5.3,2.5,0,61,49,0.02,0,84,8,6,14,71.4,249,205,4,3,3,24,0,7,5,5,5,2,1,1,0,0,38,3,1,0,0,0,0,0,0,0,0,0,3,0
20260302,Jayden Laverde,Greater Western Sydney,1.5,3.7,2.8,4,12.1,5.55,0,12.7,6,5.6,0,97,80,0,0,95,11,6,17,100,220,213,0,0,2,7,0,4,3,4,3,3,8,9,3,1,0,0,0,0,0,0,0,0,0,0,0,0,0,0
20260302,Steele Sidebottom,Collingwood,3.1,4.2,2.1,1.8,11.3,8.89,2.3,6.9,10.4,-1,2,98,110,0.68,0,85,17,14,31,67.7,473,314,3,4,0,20,0,9,6,4,2,13,5,11,3,2,0,4,2,1,0,0,2,0,1,5.8,-4.8,0,7,2
20260302,Daniel McStay,Collingwood,5.7,1.8,-0.8,4.4,11.1,5.84,-0.8,9.7,3.2,6,0,61,59,0.01,0,79,6,3,9,88.9,134,119,2,0,2,7,0,2,1,2,1,1,0,6,0,1,0,0,0,1,0,0,3,2,0,12.4,-0.4,1,5,0
20260302,Brayden Maynard,Collingwood,4.6,0.4,2.7,3.2,10.9,9.44,1.3,7.3,3.2,3.6,0,84,78,0.01,0,84,13,5,18,94.4,431,225,1,3,3,16,2,5,2,4,2,7,3,6,0,0,0,0,0,1,0,0,0,0,0,0,0,0,2,1
20260302,Jake Stringer,Greater Western Sydney,-0.3,6.7,0.5,3.7,10.7,9.64,-0.1,7.6,6.5,3.5,0,74,82,0,0,81,10,3,13,53.8,364,28,5,4,3,14,0,7,5,6,4,0,4,7,1,0,0,0,1,0,0,0,5,2,2,12.3,1.7,1,5,1
20260302,Isaac Quaynor,Collingwood,4.2,-1.1,4.8,1.7,9.6,7.98,0,7.7,4.6,2.2,0,66,47,0.01,0,82,11,4,15,66.7,409,79,2,7,0,12,0,5,3,5,3,9,6,3,0,0,0,0,0,0,0,0,0,0,0,0,0,0,1,1
20260302,Ned Long,Collingwood,3.5,3.3,0.5,2.1,9.5,8.92,0.3,7.1,7.2,-0.3,0,90,86,0.01,0,80,4,7,11,72.7,110,49,1,2,10,29,0,6,4,6,4,2,2,4,1,1,33,0,0,0,0,0,2,1,1,8.3,-1.3,0,4,0
20260302,Harry Himmelberg,Greater Western Sydney,1.8,0.7,3.8,3.1,9.4,9.46,0,8.5,2.7,2.4,0,66,59,0,0,96,11,2,13,92.3,283,189,3,2,1,5,2,1,0,1,0,4,3,6,2,1,0,0,0,0,0,0,0,0,0,0,0,0,1,1
20260302,Joe Fonti,Greater Western Sydney,2.8,2.5,4,-0.1,9.3,7.89,0,8,2.1,4.5,0,80,89,0,0,79,12,9,21,81,295,291,2,3,2,12,0,2,2,2,2,8,4,10,1,0,0,0,0,0,0,0,0,0,0,0,0,0,4,0
20260302,Josh Daicos,Collingwood,2.2,4.5,0.1,2.2,8.9,10.62,0.3,4.9,1.8,3.9,4,117,120,0.62,0,75,21,12,33,90.9,662,459,4,1,3,5,4,3,3,1,1,14,2,8,0,0,0,0,2,0,0,0,0,0,0,0,0,1,5,1
20260302,Ryan Angwin,Greater Western Sydney,3.4,1.1,0.8,2.8,8.1,9.4,2.5,3.5,2.9,2.1,0,95,97,0.01,0,84,15,10,25,84,442,215,4,6,2,16,0,6,4,3,3,10,3,8,0,0,0,2,2,0,0,0,1,0,0,2,-2,0,5,1
20260302,Phoenix Gothard,Greater Western Sydney,1.9,0.4,1.9,3.7,8,7.95,-1.6,4.8,4.1,0.5,0,57,59,0,0,76,5,14,19,73.7,127,62,2,5,3,15,0,6,4,3,3,13,0,1,0,0,4,3,3,0,0,0,2,1,0,4.7,1.3,0,4,2
20260302,Patrick Lipinski,Collingwood,1.8,-0.6,2.6,3,6.8,8.84,0,5.4,3.1,2.3,0,50,41,0,0,84,5,11,16,75,228,252,3,3,0,12,0,3,2,3,2,12,2,1,0,0,4,0,0,0,0,0,1,0,1,3.9,-2.9,2,7,0
20260302,Jordan De Goey,Collingwood,2.1,0.2,2.4,1.8,6.6,9.67,3.8,2.3,2.5,3.8,0,64,52,0.03,0,86,8,8,16,93.8,228,201,4,1,2,10,0,5,2,2,1,6,0,2,0,0,71,4,3,0,0,0,0,0,0,0,0,0,7,2
20260302,Darcy Cameron,Collingwood,0.8,4.5,-0.3,1.5,6.5,12.67,4.4,0.5,6.5,-1.8,0,59,59,0,0,68,6,6,12,41.7,139,109,1,2,0,3,0,8,2,4,2,2,2,3,1,1,42,4,4,30,17,4,1,0,1,2.9,-1.9,0,4,3
20260302,Harry Perryman,Collingwood,-0.5,1.7,-0.7,5.9,6.5,8.12,-0.7,7.4,5.1,2.3,0,41,54,0.01,0,76,9,6,15,86.7,176,265,2,2,0,5,0,3,1,3,1,5,4,6,2,2,12,0,0,0,0,0,0,0,0,0,0,0,2,0
20260302,Jamie Elliott,Collingwood,-0.2,3,0.1,3.3,6.2,7.62,0,5.6,4.9,2.5,0,40,26,0,0,88,1,3,4,100,13,40,0,1,2,14,0,4,3,4,3,0,2,1,0,0,0,0,0,0,0,0,1,1,0,4.6,1.4,1,5,2
20260302,Scott Pendlebury,Collingwood,3.6,0.4,0.4,0,4.4,11.44,0.9,2,3.1,0.4,0,45,36,0,0,40,4,6,10,90,105,202,1,2,2,6,0,3,2,1,1,6,0,2,0,0,38,2,1,0,0,0,0,0,0,0,0,1,3,0
20260302,Dan Houston,Collingwood,2.8,-1.8,-1.1,4.2,4,10.16,-1.2,6.7,2,4.7,0,61,78,0.03,0,82,17,1,18,83.3,454,248,1,4,1,8,4,2,2,2,2,6,3,5,0,0,4,0,0,0,0,0,1,1,0,1.5,4.5,0,2,0
20260302,Jake Riccardi,Greater Western Sydney,4.8,-3.4,0.8,1.4,3.6,7.32,1,1.6,2.9,0.1,0,70,72,0,0,77,9,7,16,81.3,227,279,1,3,0,7,0,3,1,2,1,8,0,7,0,1,12,0,1,16,5,2,4,1,1,11,-4,1,4,1
20260302,Max Gruzewski,Greater Western Sydney,-0.5,2.8,0.9,0,3.2,5.16,0,1.5,0,3.1,0,35,35,0,0,67,5,0,5,60,180,28,3,0,2,8,0,0,0,0,0,2,0,2,0,0,0,0,0,0,0,0,1,1,0,3.9,2.1,0,2,0
20260302,Jeremy Howe,Collingwood,-0.7,1,0.4,2.2,3,8.2,0,3.1,4.7,-2.2,0,37,50,0.01,0,69,9,2,11,63.6,145,173,0,2,0,3,1,4,2,4,2,1,6,6,1,1,0,0,0,0,0,0,0,0,0,0,0,0,1,1
20260302,James Leake,Greater Western Sydney,0.6,-0.1,0.5,2,3,4.82,0,2.1,2.5,-0.4,0,56,63,0,0,69,9,7,16,81.3,242,256,2,3,1,8,0,3,3,3,3,7,3,6,0,0,0,0,0,0,0,0,0,0,0,0,0,0,2,0
20260302,Callum Brown,Greater Western Sydney,2.7,1.5,-2.4,0.5,2.4,7.31,-0.5,2.4,4.9,-1.3,0,49,50,0,0,82,7,4,11,72.7,178,114,2,1,3,12,0,4,2,4,2,3,1,4,0,0,0,0,0,0,0,0,1,0,1,3.7,-2.7,0,4,1
20260302,Xavier O'Halloran,Greater Western Sydney,0.3,0.7,-1.1,2.3,2.1,7.82,-0.5,0.2,3.2,-1.5,0,42,62,0,0,77,9,7,16,50,274,137,2,3,2,9,0,5,5,5,5,5,3,5,0,0,0,0,0,0,0,0,2,0,1,1.9,-0.9,1,3,1
20260302,Roan Steele,Collingwood,0.4,-1.3,2.3,0.2,1.7,6.13,1.9,-1.5,1.6,-1.2,0,23,31,0,0,82,5,3,8,50,210,61,2,4,1,13,0,2,2,0,0,3,0,2,0,0,0,2,1,0,0,0,0,0,0,0,0,0,0,0
20260302,Darcy Moore,Collingwood,1.5,-1.1,0.4,0.5,1.3,10.77,0,1.7,4.1,-1.8,0,29,34,0,0,61,5,2,7,71.4,81,57,0,2,0,3,1,1,0,1,0,0,5,6,5,1,0,0,0,0,0,0,0,0,0,0,0,0,2,1
20260302,Josaia Delana,Greater Western Sydney,0.8,-0.9,1.2,-0.2,0.8,4.69,0,-1.5,0,-1.5,0,16,22,0,0,65,1,2,3,66.7,53,32,1,0,3,12,0,0,0,0,0,2,0,1,0,0,0,0,0,0,0,0,0,0,0,0,0,0,0,0
20260302,Oliver Hannaford,Greater Western Sydney,-0.3,0,0.1,0.5,0.4,5.72,0,-1.3,1,-2.2,0,16,32,0,0,53,5,3,8,75,87,152,2,2,1,11,0,2,1,2,1,2,1,3,0,0,0,0,0,0,0,0,0,0,0,0,0,0,3,0
20260302,Stephen Coniglio,Greater Western Sydney,0.6,-0.4,-0.2,0.2,0.3,8.03,0.1,-2.3,1.3,-3.3,0,43,53,0,0,56,6,7,13,76.9,55,109,1,1,1,9,0,3,2,2,1,5,1,6,0,0,42,1,1,0,0,0,1,0,1,2.6,-1.6,0,3,0
20260302,Jesse Hogan,Greater Western Sydney,0.5,0,-1,-3,-3.6,8.15,0,-4.7,1.2,-5,0,19,22,0,0,80,4,0,4,50,97,42,0,2,0,2,0,0,0,0,0,0,0,4,0,0,0,0,0,1,0,0,2,0,1,6,-5,0,2,0
20260303,Dayne Zorko,Brisbane,0,4,5.2,7.7,16.8,11.59,1.7,13,9.8,4.6,1,96,95,0.4,5,83,21,7,28,60.7,732,255,4,5,2,12,5,9,6,6,4,9,6,3,0,0,3,3,2,0,0,0,0,0,0,0,0,1,5,2
20260303,Zac Bailey,Brisbane,-0.2,0.7,8,7.2,15.7,11.77,4,9.6,4.4,9.3,4,115,84,0.57,7,77,12,5,17,94.1,310,236,3,1,4,25,0,5,4,1,0,8,2,7,1,0,48,3,4,0,0,0,2,2,0,9.8,2.2,2,10,3
20260303,Darcy Fort,Brisbane,3.9,7.9,-0.9,4,14.9,10.18,4.4,8.6,7.3,2.4,0,79,69,0.01,0,68,6,7,13,92.3,56,334,2,0,3,6,0,6,3,4,3,2,5,5,4,0,42,1,2,37,12,6,0,0,0,0,0,0,3,1
20260303,Keidean Coleman,Brisbane,2.5,-0.3,5.4,7.3,14.8,8.93,-0.1,12.4,5,7.1,0,100,85,0.03,0,73,15,6,21,85.7,378,277,5,4,0,4,2,6,5,5,4,5,3,7,1,0,0,0,0,0,0,0,2,1,0,7.9,-1.9,1,7,2
20260303,Lachie Neale,Brisbane,1.2,1.2,5.2,6.8,14.4,13.19,3.8,5.6,5.8,4.2,0,73,61,0.06,1,84,8,11,19,84.2,200,165,2,3,2,14,0,11,6,4,4,5,1,3,0,0,71,7,7,0,0,0,0,0,0,0,0,0,6,0
20260303,Darcy Wilmot,Brisbane,1.3,0.9,5.3,6.5,14,10.7,0,11.1,7.8,1.3,0,72,76,0.01,0,84,11,4,15,73.3,177,232,0,2,2,11,2,5,3,5,3,1,6,9,3,1,0,0,0,0,0,0,0,0,0,0,0,0,4,2
20260303,Kai Lohmann,Brisbane,1.9,0.1,2.7,9.1,13.8,8.41,1.6,9.1,5.2,5.1,0,82,63,0.01,0,81,5,6,11,72.7,177,131,5,2,4,12,0,7,4,6,3,3,1,2,0,0,0,1,1,0,0,0,3,2,1,11.9,1.1,1,6,2
20260303,Cooper Sharman,St Kilda,1.5,6,6,0,13.5,7.67,0,7.8,4,4.7,0,84,66,0,0,61,8,1,9,88.9,213,64,3,2,1,10,0,4,1,4,1,1,0,6,0,2,0,0,0,2,0,0,3,3,0,13.1,4.9,1,7,0
20260303,Jarrod Berry,Brisbane,3.5,3.3,1.7,4.9,13.4,9.28,1.8,9.9,6.8,4.4,9,132,132,1.94,35,80,20,11,31,74.2,600,409,5,5,3,8,0,6,5,4,3,10,6,10,0,0,23,2,0,0,0,0,1,1,0,6,0,2,7,1
20260303,Sam Flanders,St Kilda,0.2,5.6,3.7,3.8,13.2,10.22,2.6,9.8,8.7,4.4,0,93,94,0.01,0,79,8,14,22,81.8,282,354,4,3,6,19,0,8,7,6,5,4,8,6,2,0,42,2,2,0,0,0,1,0,1,1.5,-0.5,0,6,2
20260303,Callum Wilkie,St Kilda,3.2,1.6,2.5,5.7,13,11.33,-0.4,12,10.1,-0.3,6,102,94,0.08,1,100,17,7,24,79.2,224,335,1,3,1,11,1,9,6,8,5,2,13,9,4,1,0,1,1,0,0,0,0,0,0,0,0,0,6,3
20260303,Darcy Wilson,St Kilda,1.4,4.2,2.4,4.1,12,8.24,1.5,7.7,5.2,4.7,0,57,55,0,0,86,7,9,16,81.3,248,281,4,2,1,21,0,4,4,3,3,3,3,4,2,0,0,0,0,0,0,0,0,0,0,0,0,2,4,0
20260303,Liam Ryan,St Kilda,4.2,6.7,1.5,-0.6,11.8,6.94,0.3,9.9,3.5,6.6,0,62,64,0,0,75,9,2,11,63.6,226,147,2,2,1,5,0,4,2,3,2,4,1,3,0,1,0,0,1,0,0,0,4,3,1,12.4,6.6,0,5,0
20260303,Nasiah Wanganeen-Milera,St Kilda,3,1.1,0.9,6.8,11.7,14.58,3.8,4,4.7,3.8,1,99,99,0.37,5,87,19,10,29,55.2,698,230,5,8,4,20,4,9,6,4,3,11,2,2,0,0,81,4,4,0,0,0,2,0,2,4.9,-2.9,0,10,3
20260303,Jack Higgins,St Kilda,0.1,2.3,5.3,3.7,11.5,8.17,-0.5,10.7,7.9,1.7,0,72,65,0,0,83,8,2,10,40,191,29,0,2,3,13,0,7,4,7,4,0,2,3,0,0,0,0,1,0,0,0,6,2,2,16.4,-2.4,1,7,1
20260303,Levi Ashcroft,Brisbane,0.6,6,1.8,2.8,11.2,7.39,0,7.9,4.9,2.8,0,98,90,0.04,0,76,11,14,25,92,189,333,2,1,1,8,0,7,6,6,6,7,3,6,0,0,0,1,1,0,0,0,1,1,0,2.2,3.8,1,6,0
20260303,Jack Sinclair,St Kilda,2.8,1.9,3.7,2.7,11.1,14.66,0,6.2,4.8,2.9,0,114,106,0.02,0,91,20,9,29,89.7,480,419,4,4,2,14,6,4,2,4,2,8,8,7,1,0,0,0,0,0,0,0,0,0,0,0,0,0,4,2
20260303,Will Ashcroft,Brisbane,1.3,1.2,1.8,6.2,10.6,13.19,3.2,3.1,6.7,0.3,9,92,120,2.22,45,82,16,15,31,74.2,254,397,2,4,7,27,0,11,7,2,1,10,0,5,0,0,71,10,7,0,0,0,1,0,0,2.6,-2.6,0,3,1
20260303,Bradley Hill,St Kilda,1.4,1.8,5.2,2.1,10.5,7.74,-0.5,7.9,2.9,5.2,0,74,80,0,0,87,13,8,21,76.2,322,126,4,4,3,16,0,4,2,3,2,11,3,5,0,0,0,1,1,0,0,0,0,0,0,0,0,0,3,0
20260303,Ryan Lester,Brisbane,3,1.2,3.9,1.9,10,9.26,0,8.1,7.2,0.1,0,86,87,0.02,0,96,15,5,20,90,368,182,3,4,1,4,1,7,5,7,5,4,8,9,2,1,0,0,0,0,0,0,0,0,0,0,0,0,4,1
20260303,Mason Wood,St Kilda,2.7,2.1,1.1,3.7,9.6,8.74,-0.7,8.2,6.7,-1,0,61,59,0,0,84,8,6,14,64.3,322,37,2,5,3,11,0,7,4,7,4,6,6,3,0,0,0,0,0,0,0,0,1,0,1,2.5,-1.5,0,4,2
20260303,Darcy Gardiner,Brisbane,0,2.5,5.6,1.3,9.5,6.42,0,8.9,8.8,-1.8,0,71,60,0.01,0,67,9,7,16,68.8,137,266,0,3,0,2,0,8,4,8,4,2,9,7,3,2,0,0,0,0,0,0,0,0,0,0,0,0,4,1
20260303,Josh Dunkley,Brisbane,0,2.2,2.7,3.4,8.3,11.95,4.2,1,6.8,-1.6,0,99,91,0.11,1,77,10,14,24,62.5,185,276,1,5,5,20,0,11,9,5,5,8,3,4,0,0,74,3,4,4,0,0,1,0,1,2.9,-1.9,1,3,1
20260303,Logan Morris,Brisbane,0,8.1,1,-1.7,7.5,8.47,0.8,5,5.2,1.4,0,68,79,0.02,0,83,13,4,17,47.1,304,126,5,9,2,11,0,6,4,5,3,5,1,3,0,0,0,1,1,1,0,0,3,2,0,11.4,0.6,1,4,1
20260303,Mitch Owens,St Kilda,-0.6,0.3,2,5.3,7,8.89,1,4.2,5.1,0.9,0,68,59,0,0,86,6,4,10,50,223,84,1,0,1,8,0,3,1,2,0,4,1,5,1,2,0,1,1,2,0,0,4,2,2,12.1,1.9,0,4,1
20260303,Tom De Koning,St Kilda,5.5,-2,1.3,2,6.9,10.66,3.8,0.6,5.5,-3.1,0,82,56,0,0,70,4,7,11,45.5,125,11,3,3,0,6,0,8,3,2,2,3,2,1,1,0,71,3,6,56,34,11,1,0,0,0.9,-0.9,0,5,5
20260303,Max Hall,St Kilda,0.4,-0.3,5.1,1.7,6.9,12.46,3.1,0.8,7.2,-1.9,0,81,77,0,0,86,9,8,17,58.8,263,207,6,4,4,22,0,9,6,4,3,2,1,6,0,1,23,3,3,0,0,0,2,0,2,5.1,-3.1,0,7,0
20260303,Jack Silvagni,St Kilda,1.3,2,0.5,2.7,6.6,9.45,0,4,5.4,-2,0,61,67,0,0,96,10,1,11,72.7,193,144,2,3,6,12,0,6,3,6,3,1,7,4,0,0,0,0,0,0,0,0,0,0,0,0,0,0,3,2
20260303,Hugo Garcia,St Kilda,-0.8,2.1,3.9,1.3,6.4,10.97,1.8,0.5,4.1,-1,0,56,62,0,0,75,1,11,12,66.7,14,139,1,0,10,19,0,5,4,2,2,7,2,0,0,0,77,3,4,0,0,0,0,0,0,0,0,0,3,1
20260303,Jaspa Fletcher,Brisbane,-0.2,1.9,0.2,4,5.9,9.47,0.7,5.6,2.7,5.4,0,69,66,0.01,0,80,12,5,17,82.4,335,202,2,3,2,8,3,4,4,3,3,8,3,2,0,0,0,1,0,0,0,0,1,1,0,2.5,3.5,0,3,2
20260303,Mattaes Phillipou,St Kilda,0.4,2.3,3.4,-0.2,5.9,6.52,4.9,-0.2,5.3,-1.2,0,69,69,0,0,60,8,7,15,73.3,308,188,3,3,5,17,0,9,2,1,0,4,1,3,0,0,39,4,6,0,0,0,0,0,0,0,0,1,3,0
20260303,Ty Gallop,Brisbane,1.2,0.9,-0.2,3.8,5.8,6.23,0,2.7,2.9,0.7,0,26,22,0,0,87,4,2,6,50,156,-3,0,2,0,2,0,2,2,2,2,2,3,2,1,0,0,0,0,0,0,0,0,0,0,0,0,0,1,0
20260303,Lincoln McCarthy,Brisbane,0.1,-0.6,3.2,3.1,5.7,7.33,1.9,1.2,4.3,0.5,0,69,56,0.01,0,77,11,6,17,52.9,230,168,1,8,2,9,0,7,5,6,4,7,0,1,0,1,0,2,2,0,0,0,3,1,2,6.4,1.6,2,6,1
20260303,Marcus Windhager,St Kilda,2,0,1.1,2.7,5.6,8.95,3.7,-0.5,5.8,-1,0,65,78,0,0,81,17,2,19,52.6,479,112,5,7,3,17,0,8,2,2,0,6,2,4,0,0,39,4,5,0,0,0,0,0,0,0,0,0,7,2
20260303,Charlie Cameron,Brisbane,-0.1,-1.3,2.5,4.3,5.5,7.96,0.4,3.6,2.7,5.1,0,49,67,0.01,0,83,9,3,12,58.3,171,55,1,3,5,12,0,3,2,3,2,4,2,2,0,0,0,0,1,0,0,0,3,2,1,10.8,2.2,1,6,2
20260303,Liam Stocker,St Kilda,2.2,2.9,-1.5,1.4,5.2,5.36,0.3,3.7,7.9,-2.2,0,52,39,0,0,78,4,6,10,70,73,82,0,1,2,8,0,8,5,7,4,0,7,3,1,0,0,0,0,0,0,0,0,0,0,0,0,0,2,0
20260303,Dougal Howard,St Kilda,0,3.1,1.3,0.5,4.9,6.88,0.2,4.4,3.1,-0.1,0,65,47,0,0,73,10,2,12,75,99,121,0,3,0,1,0,3,2,2,1,4,3,5,1,0,0,1,1,0,0,0,0,0,0,0,0,0,1,0
20260303,Bruce Reville,Brisbane,2.8,0.5,-0.5,1.9,4.7,9.18,-0.1,1.9,3.8,-1.5,0,81,80,0.01,0,72,12,8,20,75,372,144,4,0,2,8,0,4,4,3,3,10,3,7,1,0,0,1,0,0,0,0,2,0,2,5.2,-3.2,1,5,1
20260303,Oscar Allen,Brisbane,1.1,5.2,-1.3,-0.3,4.6,6.44,-0.1,2.1,3.7,-1.5,0,67,80,0.01,0,83,11,0,11,54.5,237,14,2,3,3,8,0,2,0,2,0,4,0,6,0,1,0,0,0,8,3,0,3,2,1,12.6,0.4,0,4,0
20260303,Rowan Marshall,St Kilda,2.7,2.5,0.1,-1,4.2,12.04,-0.6,2.8,4,0.2,0,43,56,0,0,61,8,4,12,75,150,211,2,2,2,6,0,4,3,1,1,2,3,5,2,0,29,1,3,28,10,2,0,0,0,0,0,0,2,1
20260303,Cam Rayner,Brisbane,-1.7,4.1,2.6,-1.3,3.8,10.59,2.2,1,6.4,-1,0,43,56,0.02,0,88,10,2,12,50,202,24,0,7,2,10,0,5,4,3,2,2,1,4,0,1,10,2,2,0,0,0,6,2,2,20.9,-6.9,0,5,2
20260303,Dan Butler,St Kilda,0,3,0.8,0,3.8,5.12,0,2.3,4,-1.3,0,36,38,0,0,59,6,3,9,55.6,185,95,3,2,2,8,0,4,3,4,3,3,1,3,0,1,0,0,0,0,0,0,0,0,0,0,0,1,4,0
20260303,Sam Draper,Brisbane,1.1,0.1,2.6,-0.4,3.3,11.76,4.6,-2.8,2.7,1.5,0,52,42,0,0,61,6,2,8,75,204,37,2,3,4,4,0,4,1,0,0,3,1,1,1,0,58,4,4,38,9,4,0,0,0,0,0,0,2,2
20260303,Alix Tauru,St Kilda,-0.1,-0.4,2.7,0,2.2,4.86,0,1.9,4.1,-1.7,0,25,16,0,0,61,2,1,3,33.3,49,0,0,1,0,7,0,3,1,3,1,0,0,1,0,1,0,0,0,0,0,0,2,1,1,7.8,-0.8,0,2,0
20260303,Jack Carroll,St Kilda,0.2,0.4,-0.9,2,1.7,6.78,0,2.1,4,-1.5,0,40,53,0,0,82,5,5,10,60,188,105,1,5,4,17,0,3,2,3,2,3,3,5,1,1,0,0,0,0,0,0,0,0,0,0,0,0,1,0
20260303,Noah Answerth,Brisbane,-0.2,-0.2,0,0,-0.4,6.38,0,-0.1,1.1,-0.3,0,21,22,0,0,59,6,2,8,62.5,164,72,1,2,0,7,1,3,2,3,2,3,3,2,0,0,0,0,0,0,0,0,0,0,0,0,0,0,2,0
20260304,Jack Ross,Richmond,5.2,6,0.7,4.4,16.2,9.64,6,4.6,9,1,0,104,75,0,0,78,7,16,23,87,238,183,3,1,3,18,0,12,9,7,5,8,3,2,1,0,62,5,2,0,0,0,1,0,1,2.8,-1.8,1,6,3
20260304,Caleb Serong,Fremantle,-1.6,6.7,3,6.7,14.8,16.57,11.3,0.9,8.6,3.9,9,135,124,2.58,63,82,20,12,32,65.6,579,196,8,8,6,21,0,15,9,3,3,14,2,2,0,0,81,9,9,0,0,0,4,2,1,12.6,0.4,1,12,4
20260304,Josh Treacy,Fremantle,1.1,3.7,4.1,5.7,14.7,10.02,0.8,12.9,13.4,-0.2,9,140,120,1.98,28,88,14,2,16,68.8,335,167,5,1,2,12,0,8,1,7,0,0,1,12,1,4,0,1,0,0,0,0,7,4,3,26.3,0.7,1,11,2
20260304,Jordan Clark,Fremantle,2.5,7.1,3,1.8,14.4,10.4,0.8,9,7.8,2,3,129,98,0.07,0,87,14,13,27,81.5,344,329,2,3,4,10,3,10,9,8,7,9,7,4,0,0,0,1,2,0,0,0,0,0,0,0,0,0,3,0
20260304,Tim Taranto,Richmond,1.1,8.5,3.5,-0.1,13,11.36,2.3,6.1,9.6,1.8,1,148,114,0.09,0,85,7,17,24,58.3,148,158,5,2,10,22,0,13,11,6,4,8,2,3,0,1,86,3,5,0,0,0,2,2,0,6.7,5.3,0,4,0
20260304,Corey Wagner,Fremantle,1.5,5.8,2.8,2.7,12.8,7.56,1,8.7,5.3,4.4,0,94,86,0.01,0,84,13,9,22,81.8,522,234,3,3,1,9,0,8,7,7,6,5,7,8,0,0,0,1,1,0,0,0,1,0,1,3.4,-2.4,0,9,4
20260304,Sean Darcy,Fremantle,-1.4,6,3.9,4,12.5,9.64,6.1,3.2,3.9,3.6,0,96,76,0,0,54,4,4,8,75,144,-2,2,2,5,9,0,6,4,2,1,0,1,1,0,0,62,3,3,39,29,9,1,1,0,3.7,2.3,1,6,5
20260304,Isaiah Dudley,Fremantle,1.5,6.3,3.5,0,11.3,6.82,0,6.1,6,-0.1,0,76,49,0,0,62,5,6,11,63.6,90,158,2,2,2,13,0,7,5,7,5,2,2,3,0,0,0,0,0,0,0,0,2,1,0,6.1,-0.1,0,5,1
20260304,Matthew Johnson,Fremantle,3.2,3.8,3.5,0.2,10.6,9.65,1.2,9.1,2,9,0,69,54,0,0,77,8,9,17,82.4,223,211,4,3,0,7,0,3,1,1,1,10,1,3,1,0,19,2,2,0,0,0,1,1,0,2.5,3.5,0,5,1
20260304,Jaeger O'Meara,Fremantle,1.3,3.7,4.2,1,10.2,8.94,2.2,7.1,5.6,2.8,0,92,76,0.01,0,65,10,9,19,84.2,248,323,5,1,5,13,0,9,5,6,4,7,4,2,0,0,0,3,2,0,0,0,0,0,0,0,0,1,7,1
20260304,Shai Bolton,Fremantle,2.6,0.6,4.7,2.3,10.1,11.56,3.9,2.8,6.3,1.9,6,130,112,1.02,8,80,15,18,33,75.8,573,242,6,5,5,16,0,11,7,5,5,15,2,4,0,0,71,4,4,0,0,0,2,0,1,5.2,-4.2,2,7,1
20260304,Jye Amiss,Fremantle,5.6,0.4,2.7,1.1,9.9,4.98,0.8,8,7.4,0.6,0,94,63,0,0,91,6,4,10,70,162,59,1,0,2,7,0,7,2,6,2,2,0,4,0,2,0,1,1,0,0,0,5,2,3,14.4,0.6,1,6,0
20260304,Jacob Hopper,Richmond,4,2.8,1.8,1.1,9.6,8.42,3.4,2.2,6.2,-0.6,0,60,54,0,0,82,5,15,20,55,76,217,3,3,2,8,0,10,8,5,5,9,1,0,0,0,81,4,6,0,0,0,0,0,0,0,0,0,1,0
20260304,Judd McVee,Fremantle,4.6,2,0.6,2.3,9.5,7.47,2.1,6.3,4.1,4.8,0,54,55,0,0,83,10,7,17,82.4,120,53,0,2,1,4,0,7,5,4,3,5,6,2,1,0,0,3,3,0,0,0,0,0,0,0,0,0,4,2
20260304,Jonty Faull,Richmond,2.8,1.8,0.5,4.1,9.2,3.71,1.3,6.7,7.9,0.4,0,48,52,0,0,92,7,1,8,37.5,220,21,3,2,4,9,0,5,1,4,1,1,2,2,1,1,0,0,1,7,0,0,3,1,2,8.1,-0.1,0,4,0
20260304,Sam Grlj,Richmond,0.8,1.1,5.5,0.7,8.1,6.89,2.3,2.2,4.2,-0.2,0,68,68,0,0,77,11,7,18,61.1,327,87,1,3,3,18,2,5,5,4,4,8,4,3,0,0,5,1,0,0,0,0,0,0,0,0,0,0,1,1
20260304,Andrew Brayshaw,Fremantle,0.1,1.5,6.2,-0.2,7.5,13.41,2.5,1.6,2.4,1.7,0,95,93,0.11,0,81,15,6,21,66.7,484,154,5,3,5,16,0,4,1,0,0,12,1,5,1,0,67,3,5,0,0,0,1,0,1,1.8,-0.8,1,7,1
20260304,Luke Jackson,Fremantle,3.4,1,4,-1,7.4,14.46,8,-2,8.9,-2.9,2,108,81,0.08,0,83,5,12,17,47.1,171,124,1,2,2,6,0,13,8,6,6,4,2,0,0,0,52,5,7,45,28,9,5,1,4,17.5,-7.5,0,8,3
20260304,Steely Green,Richmond,-0.5,5.9,1.3,0.7,7.4,5.7,0,8.7,5.3,3.3,0,81,60,0,0,91,6,3,9,66.7,177,9,1,2,2,12,0,4,4,4,4,2,2,3,0,0,0,0,0,0,0,0,5,3,1,20.4,-1.4,0,5,1
20260304,Heath Chapman,Fremantle,3.8,1.4,-0.3,2.1,7,7.37,-1.2,3,1.8,0.4,0,81,78,0,0,87,15,4,19,78.9,328,148,5,3,3,13,0,3,2,2,2,9,2,6,0,0,0,1,1,0,0,0,1,0,1,3.9,-2.9,1,5,1
20260304,Sam Lalor,Richmond,3.4,4.2,0.7,-1.4,6.8,8.79,-0.7,4.4,5.3,2,0,83,67,0,0,74,13,2,15,66.7,490,61,6,6,6,13,0,7,5,4,3,6,1,3,0,0,48,1,3,0,0,0,1,0,1,3.3,-2.3,2,4,1
20260304,Brennan Cox,Fremantle,2.7,-0.2,3.6,0.5,6.6,8.16,0,7.8,4.5,0.4,0,85,79,0,0,68,11,6,17,88.2,184,300,2,1,4,7,0,5,1,5,1,7,7,5,2,1,0,0,0,0,0,0,0,0,0,0,0,1,3,2
20260304,Patrick Voss,Fremantle,-1.8,-0.1,4.3,3.8,6.2,7.2,0,4.3,8.9,-1,0,89,89,0.01,0,89,12,6,18,72.2,196,235,2,3,5,12,0,8,5,8,5,2,2,6,1,0,0,0,0,0,0,0,5,1,3,14.3,-5.3,0,11,2
20260304,Christopher Scerri,Fremantle,0.3,0,2.9,2.9,6.1,6.09,0,4.5,4,0.1,0,31,24,0,0,69,2,6,8,87.5,74,-10,2,0,0,11,0,5,5,5,5,1,4,2,0,0,0,0,0,0,0,0,0,0,0,0,0,0,4,3
20260304,Hugo Ralphsmith,Richmond,-0.2,-0.1,1.1,5.2,6,7.56,0.9,2.8,3.9,-0.1,0,47,40,0,0,88,4,10,14,71.4,139,112,0,3,1,13,0,6,5,5,4,5,3,1,0,0,0,1,0,0,0,0,0,0,0,0,0,0,1,0
20260304,Luke Ryan,Fremantle,3.8,1,0.6,0.1,5.5,8.82,0,5.7,0,6.6,0,72,58,0,0,83,13,1,14,100,295,236,2,1,2,4,3,0,0,0,0,5,1,5,0,0,0,0,0,0,0,0,0,0,0,0,0,0,0,0
20260304,Noah Balta,Richmond,3.8,1.1,0.8,-0.3,5.5,7.41,0,4.9,5.3,1.5,0,53,20,0,0,93,6,1,7,100,177,157,1,2,0,3,1,4,2,4,2,1,6,3,1,1,0,0,0,0,0,0,0,0,0,0,0,0,0,0
20260304,Tom Brown,Richmond,0.2,2.5,2.2,0.3,5.2,7.47,0,4.2,2.8,0.6,0,42,31,0,0,71,6,5,11,90.9,241,170,0,2,0,1,5,3,3,3,3,2,3,2,0,0,0,0,0,0,0,0,0,0,0,0,0,0,0,0
20260304,Tyler Sonsie,Richmond,0.9,2.3,1.1,0.8,5.1,6.64,1.9,0.9,4.1,-1.1,0,57,61,0,0,86,11,9,20,65,263,206,2,4,1,10,0,6,4,4,2,8,3,1,0,0,0,4,3,0,0,0,2,0,1,4.7,-3.7,1,6,1
20260304,Dion Prestia,Richmond,1.4,3.2,1.1,-0.6,5.1,11.29,1.2,3.9,5.7,0.1,0,71,64,0,0,74,8,8,16,62.5,265,151,5,3,3,13,0,6,6,4,4,4,3,4,0,0,5,2,2,0,0,0,0,0,0,0,0,0,3,3
20260304,Alex Pearce,Fremantle,3.1,0.6,0.3,0.9,4.9,8.42,1.5,3.9,2.3,3.3,0,44,37,0,0,69,7,3,10,100,104,122,0,1,0,5,0,2,1,1,0,3,4,4,2,0,0,1,0,0,0,0,0,0,0,0,0,0,4,1
20260304,Luke Trainor,Richmond,3.9,-0.5,1,0.4,4.8,4.89,0.8,2,4.3,-2.3,0,102,102,0,0,80,20,8,28,75,491,266,1,6,1,3,6,5,4,4,3,8,4,9,1,0,0,1,1,0,0,0,0,0,0,0,0,0,1,0
20260304,Sam Banks,Richmond,2.5,2.1,-1.7,1.1,4,7.69,0,0.7,5.7,-3.8,0,56,47,0,0,84,8,10,18,55.6,179,88,0,7,0,11,0,7,7,7,7,9,5,2,1,0,0,0,0,0,0,0,0,0,0,0,0,0,2,1
20260304,Sam Switkowski,Fremantle,1,2.3,-0.3,0.4,3.4,9.65,0,0.4,2.5,-2.1,0,47,52,0,0,76,4,8,12,58.3,115,125,4,1,4,12,0,4,4,4,4,5,3,2,0,0,0,0,0,0,0,0,2,0,2,4.8,-2.8,1,4,1
20260304,Ben Miller,Richmond,1.2,4.7,-2.8,-0.1,3.1,8.94,-0.4,3.7,4.2,-0.5,0,58,49,0,0,95,7,8,15,80,256,146,0,3,3,14,4,4,2,4,2,5,4,2,0,1,19,0,0,8,2,0,0,0,0,0,0,0,2,1
20260304,Nick Vlastuin,Richmond,1.6,1.4,0,0,3,9.9,0.7,1.9,3.6,-1.3,0,87,79,0,0,82,15,4,19,89.5,342,118,0,2,1,6,3,5,2,4,2,4,4,6,0,0,0,1,0,0,0,0,0,0,0,0,0,0,1,0
20260304,Mykelti Lefau,Richmond,-0.3,3.6,-0.5,-0.4,2.4,6.01,2.1,-1.9,3.2,-0.5,0,44,38,0,0,80,1,5,6,66.7,5,-28,0,4,5,19,0,5,3,2,2,0,1,3,0,0,33,2,3,25,2,1,0,0,0,0,0,0,0,0
20260304,Maurice Rioli,Richmond,-0.3,3.3,-1.4,0.7,2.4,7.17,-3.9,3.6,1.5,1.5,0,44,30,0,0,77,6,4,10,70,191,159,3,2,1,18,0,3,3,1,1,5,1,3,0,0,0,0,1,0,0,0,0,0,0,0,0,2,2,1
20260304,Karl Worner,Fremantle,0,-0.1,2.7,-0.6,2,5.74,0,1,2.2,-1,0,48,56,0,0,73,9,5,14,92.9,214,201,0,4,1,5,1,1,1,1,1,5,3,6,1,0,0,0,0,0,0,0,0,0,0,0,0,0,4,1
20260304,Harry Armstrong,Richmond,0.3,0,1.2,0,1.5,3.66,0,1.3,1.3,0,0,4,1,0,0,45,0,0,0,0,5,0,0,0,0,2,0,1,0,1,0,0,0,0,0,0,0,0,0,3,0,0,0,0,0,0,0,0,0,0
20260304,Seth Campbell,Richmond,0.3,-0.5,1.7,-0.4,1.1,9.54,0,-0.6,1,-1.6,0,30,25,0,0,79,3,4,7,57.1,102,25,2,0,2,20,0,1,1,1,1,5,2,0,0,0,14,0,0,0,0,0,0,0,0,0,0,0,2,0
20260304,Murphy Reid,Fremantle,-1.4,2.7,-2.4,2,0.9,10.26,-0.7,-1.4,4.3,-3.4,0,57,71,0.01,0,82,12,11,23,65.2,213,147,1,6,0,7,0,6,6,5,5,9,0,6,0,0,14,1,1,0,0,0,1,0,1,2,-1,0,4,0
20260304,Jayden Short,Richmond,-1.8,0.8,0.4,1.5,0.9,8.76,0,0.3,1.3,-0.1,0,68,93,0,0,76,17,3,20,75,441,249,0,3,3,11,4,2,1,2,1,5,1,10,0,0,0,0,0,0,0,0,0,0,0,0,0,0,0,0
20260304,Neil Erasmus,Fremantle,1.5,-1.4,1,-0.8,0.3,8.66,0.8,-1.9,4.2,-5.2,0,54,67,0.01,0,85,6,15,21,52.4,198,282,3,2,2,11,0,9,6,5,4,7,1,3,0,0,33,2,3,0,0,0,2,0,1,4.3,-3.3,0,5,1
20260304,Campbell Gray,Richmond,0.6,-1.2,-1.7,1,-1.3,7.05,-3.1,1.9,2.1,-0.1,0,8,14,0,0,82,1,2,3,100,7,44,0,2,2,14,0,2,1,2,1,2,2,1,1,0,48,0,0,41,5,0,0,0,0,0,0,0,1,0
20260304,Jasper Alger,Richmond,-2.5,0.7,0,0,-1.9,5.03,0.8,-3,0.8,-2.2,0,16,8,0,0,31,1,2,3,33.3,20,28,0,1,0,4,0,2,2,1,1,0,0,1,0,0,0,1,0,0,0,0,1,0,1,3.4,-2.4,0,2,0
20260305,Peter Wright,Essendon,3.7,6.3,5,2.5,17.4,7.64,1.8,12,5.8,6.2,1,127,77,0.02,0,82,10,5,15,86.7,250,158,3,2,1,6,0,5,3,4,3,5,3,5,1,0,28,1,1,19,7,3,2,2,0,3.9,8.1,0,9,4
20260305,Finn O'Sullivan,North Melbourne,6.4,4,6.4,0.6,17.4,7.16,3.4,11.8,9.2,6.3,9,142,98,0.76,13,91,14,10,24,87.5,355,311,5,3,3,12,1,11,8,7,6,7,7,8,0,0,48,3,2,0,0,0,0,0,0,0,0,2,6,2
20260305,Colby McKercher,North Melbourne,5.2,2.2,4.4,3.3,15.1,9.35,1.3,10.2,4.1,6.3,5,118,116,1.22,21,77,22,13,35,77.1,567,287,2,6,2,9,5,6,5,4,3,19,3,5,0,0,32,1,1,0,0,0,0,0,0,0,0,0,3,0
20260305,Jaxon Prior,Essendon,3.9,3.1,1,6.4,14.4,7.39,0.8,10.5,5.8,3.9,0,94,87,0,0,89,14,4,18,83.3,404,121,2,4,5,10,2,5,2,4,2,4,7,5,3,0,0,0,1,0,0,0,0,0,0,0,0,1,3,3
20260305,George Wardlaw,North Melbourne,2.8,6.1,6.7,-1.2,14.4,11.35,8.4,3.6,6.4,7.4,0,68,54,0.04,1,54,11,5,16,68.8,400,231,6,5,2,12,0,9,4,1,0,4,1,3,1,0,48,7,8,0,0,0,0,0,0,0,0,0,4,1
20260305,Archie Roberts,Essendon,3,3.9,3.2,4.2,14.2,8.41,-1,11.5,6.6,4,0,100,82,0,0,83,16,9,25,80,355,240,3,3,2,10,1,8,8,8,8,14,8,2,0,0,0,0,0,0,0,0,0,0,0,0,0,0,5,2
20260305,Luke Parker,North Melbourne,1.2,4.3,2.9,5.5,14,10.66,0,10.4,6.3,4,4,161,135,0.73,12,91,19,14,33,90.9,377,327,0,3,3,11,3,8,6,8,6,7,6,13,0,0,12,0,0,0,0,0,0,0,0,0,0,0,4,1
20260305,Zane Duursma,North Melbourne,6.8,3.7,3.6,-0.9,13.1,5,0,13.7,3.5,10.4,0,59,38,0,0,74,4,1,5,100,130,88,0,0,0,5,0,2,2,2,2,0,1,3,1,0,0,0,0,0,0,0,3,3,0,9.9,8.1,0,5,1
20260305,Isaac Kako,Essendon,6.6,1.5,2.7,2.1,12.9,8.76,2.4,7.4,5.5,4.6,2,62,41,0,0,81,6,6,12,66.7,153,157,3,0,1,19,0,6,5,4,4,4,1,1,0,0,44,3,2,0,0,0,1,1,0,2.3,3.7,0,3,1
20260305,Zach Merrett,Essendon,1.8,3.3,1.8,5.7,12.6,14.22,1.6,5.3,5.2,2.3,0,87,71,0,0,88,6,4,10,70,159,199,2,2,9,23,0,6,3,4,2,4,2,1,0,0,40,1,2,0,0,0,2,1,1,5.8,1.2,0,5,1
20260305,Cooper Trembath,North Melbourne,0.7,1.6,7.9,1.5,11.6,8.96,0,9.9,5.1,4.7,0,71,54,0,0,86,7,2,9,77.8,151,128,2,0,1,6,0,3,1,3,1,3,0,4,0,2,0,0,0,0,0,0,3,2,1,9,4,1,5,0
20260305,Tom Blamires,North Melbourne,1,2.7,6.4,1.5,11.5,5.24,0,8.4,2.8,4.9,0,85,75,0,0,81,12,5,17,82.4,313,76,2,4,1,7,0,4,3,4,3,6,4,6,0,0,0,0,0,0,0,0,1,1,0,2.1,3.9,1,4,0
20260305,Luke Davies-Uniacke,North Melbourne,2.8,5.2,0.4,2.1,10.5,14.08,3,4.4,7.8,0.4,3,124,125,1.34,22,82,16,15,31,77.4,306,296,7,1,4,21,0,11,10,6,6,7,5,11,1,0,80,4,4,0,0,0,1,0,1,2.5,-1.5,1,7,2
20260305,Harry Sheezel,North Melbourne,5.7,2.3,2.4,-0.3,10.2,11,0.2,7,7.7,-1.1,5,145,136,1.79,31,73,18,15,33,87.9,365,279,6,7,5,14,0,9,5,8,5,14,6,11,2,0,72,0,1,0,0,0,0,0,0,0,0,0,7,2
20260305,Jy Simpkin,North Melbourne,2.9,3.1,4,0.1,10.2,10.81,2.3,5,5.7,0.6,0,79,82,0.01,0,85,13,9,22,81.8,215,287,4,2,1,15,0,7,7,4,4,6,3,7,1,0,4,3,1,0,0,0,1,0,0,3.2,-3.2,0,7,3
20260305,Jye Caldwell,Essendon,1.9,3.5,1.1,3.5,10.1,10.4,3.5,4.5,5.1,4.2,0,95,86,0.02,0,71,11,11,22,63.6,299,146,5,2,4,18,0,9,7,2,2,9,1,3,0,0,72,4,6,0,0,0,3,1,2,9.9,-1.9,2,6,0
20260305,Sam Durham,Essendon,3.9,1.2,2.3,2.4,9.9,12.38,3.6,3.5,5.6,5.1,0,60,45,0,0,81,6,13,19,84.2,193,206,4,4,1,19,0,6,6,2,2,8,3,4,1,0,76,4,3,0,0,0,0,0,0,0,0,3,4,0
20260305,Darcy Parish,Essendon,1.7,-0.2,4.1,4,9.6,10.11,-1.6,8.8,6.3,1.8,0,67,73,0,0,69,8,11,19,68.4,239,294,3,1,3,18,0,6,3,4,3,6,4,6,1,1,68,1,2,0,0,0,0,0,0,0,0,0,4,1
20260305,Saad El-Hawli,Essendon,0.8,-0.3,3.8,5,9.3,5.44,-0.9,7.2,4.8,2.2,0,58,45,0,0,68,7,6,13,84.6,188,93,2,1,1,11,0,4,3,3,3,8,4,1,1,0,0,1,1,0,0,0,3,1,1,10.2,-3.2,0,4,1
20260305,Nick Larkey,North Melbourne,0.7,7.3,1.7,-0.8,9,8.72,-1,9.5,7.9,4.4,0,71,53,0,0,97,7,5,12,83.3,127,128,0,3,0,4,0,4,1,4,1,5,0,5,0,2,0,0,0,0,0,0,3,2,1,12.4,0.6,1,7,0
20260305,Toby Pink,North Melbourne,3,2,-0.8,4.2,8.4,6.43,0,5.4,2.9,0.8,1,86,69,0.01,0,94,13,6,19,89.5,371,169,2,3,0,5,0,4,4,4,4,6,4,8,0,0,0,0,0,0,0,0,0,0,0,0,0,0,3,1
20260305,Andrew McGrath,Essendon,1.9,3,0.6,2.8,8.3,9.63,0,5.9,6,-0.1,0,81,80,0,0,85,13,9,22,86.4,316,271,4,1,1,8,3,4,3,4,3,6,8,6,3,0,0,0,0,0,0,0,0,0,0,0,0,1,7,5
20260305,Tristan Xerri,North Melbourne,7.3,-0.8,-0.6,1.8,7.7,17.28,6.2,0.2,7.7,0.7,0,68,55,0.02,0,84,6,9,15,73.3,41,142,1,2,1,7,0,13,5,3,2,2,3,1,0,0,92,8,9,49,11,4,1,1,0,5.7,0.3,0,5,4
20260305,Luke McDonald,North Melbourne,1.6,2.9,2.3,0.8,7.7,6.98,0.7,6.4,1.2,3.4,0,77,82,0,0,85,13,5,18,77.8,426,222,2,3,2,16,1,2,2,1,1,6,1,8,0,0,0,1,1,0,0,0,0,0,0,0,0,1,4,1
20260305,Zach Reid,Essendon,1.4,5.8,0.6,-0.8,7,6.73,0,5.3,4.6,-0.1,0,69,53,0,0,95,6,5,11,81.8,156,121,0,3,1,3,2,5,4,5,4,1,3,7,1,1,0,0,0,0,0,0,0,0,0,0,0,0,3,0
20260305,Jade Gresham,Essendon,0.2,4.9,-0.2,1.3,6.2,7.32,1.8,0.7,3,-0.7,0,49,47,0,0,66,4,7,11,81.8,69,97,0,1,3,14,0,4,1,2,1,5,2,1,0,0,0,1,2,0,0,0,2,1,1,8.3,-1.3,0,3,0
20260305,Ben McKay,Essendon,2.1,1.6,0.5,1.6,5.8,8.09,0,5.6,3.6,-2.2,0,44,26,0,0,100,3,2,5,60,59,-9,0,0,1,5,0,1,1,1,1,0,4,3,2,0,0,0,0,0,0,0,0,0,0,0,0,0,0,0
20260305,Archie Perkins,Essendon,1.5,0.9,0,3.2,5.7,7.11,-1.1,2,4.5,-3.7,0,63,64,0,0,77,7,9,16,62.5,204,211,2,2,1,10,0,5,3,5,3,7,0,6,0,1,0,0,0,0,0,0,2,0,2,4,-2,0,5,0
20260305,Archer Day-Wicks,Essendon,3.6,3.5,-1.9,0.3,5.5,4.91,0.6,1.4,2.4,-0.1,0,40,52,0,0,79,9,6,15,53.3,385,114,5,7,3,14,0,3,2,1,1,9,2,2,0,0,0,1,2,0,0,0,0,0,0,0,0,0,4,2
20260305,Cameron Zurhaar,North Melbourne,4.5,-0.3,-0.5,1.7,5.5,6.97,0,4.3,4.8,0.8,0,37,30,0,0,73,6,2,8,62.5,200,-4,1,3,0,6,0,4,3,4,3,1,3,3,1,0,0,0,0,0,0,0,3,1,1,6,1,0,2,0
20260305,Xavier Duursma,Essendon,1.4,2.5,-1.5,3,5.4,7.76,0,6.7,4.1,2.3,0,64,65,0,0,74,6,11,17,94.1,143,249,2,0,2,12,0,4,3,4,3,7,3,5,1,0,0,0,0,0,0,0,0,0,0,0,0,0,2,1
20260305,Kyle Langford,Essendon,0.7,3.1,1.5,0,5.3,7.73,0,2.4,4.3,-1.9,0,71,86,0,0,85,12,7,19,63.2,332,184,3,5,4,11,0,3,3,3,3,4,4,7,1,0,0,0,0,0,0,0,3,0,2,7.7,-5.7,0,5,1
20260305,Paul Curtis,North Melbourne,1.2,2.5,0.9,0.4,5,8.75,0,3.7,4.1,4,0,54,45,0,0,63,6,3,9,66.7,184,81,1,3,2,15,0,4,1,4,1,3,1,3,0,1,0,0,0,0,0,0,1,1,0,4.1,1.9,1,4,0
20260305,Charlie Comben,North Melbourne,1,3.2,0.8,-0.1,4.9,8.53,0,4.5,2.5,0.5,0,58,60,0,0,97,7,5,12,91.7,-4,144,0,0,2,8,0,2,0,2,0,3,4,6,1,0,0,0,0,0,0,0,0,0,0,0,0,0,3,1
20260305,Lachlan Blakiston,Essendon,1.9,0.6,0.7,0.8,4,8.58,3.5,-2.1,4.7,-1.9,0,60,70,0,0,70,8,4,12,75,362,43,2,6,1,6,0,5,2,1,0,2,1,5,1,0,72,3,4,41,18,4,2,1,1,8.8,-1.8,1,3,1
20260305,Archer May,Essendon,1.4,2.7,-0.7,0.1,3.6,5.53,0,1.3,5.4,-3,0,45,40,0,0,53,4,3,7,71.4,142,108,3,4,3,7,0,3,2,3,2,2,2,4,2,1,0,0,0,0,0,0,1,0,1,4.9,-3.9,1,3,0
20260305,Matt Guelfi,Essendon,3,-0.2,1.3,-0.8,3.3,6.45,0.3,1.7,4,-0.8,0,50,28,0,0,60,1,8,9,77.8,32,123,2,0,3,10,0,6,6,3,3,4,1,0,0,0,0,0,1,0,0,0,0,0,0,0,0,0,2,1
20260305,Caleb Daniel,North Melbourne,-0.7,0.7,1.7,1.7,3.3,9.1,0,3.1,1.9,1.1,0,79,88,0.01,0,84,17,6,23,82.6,251,210,1,2,1,4,4,1,1,1,1,12,2,7,1,0,0,0,0,0,0,0,0,0,0,0,0,1,6,0
20260305,Nate Caddy,Essendon,-0.5,1.5,0.7,1.4,3.1,7.13,-1.2,0.4,3.3,-2.9,0,33,36,0,0,95,4,5,9,55.6,150,30,1,4,1,7,0,4,1,3,1,2,1,2,0,0,0,1,1,0,0,0,3,1,2,7.4,0.6,0,5,0
20260305,Tom Powell,North Melbourne,0.9,1.2,-0.4,0.9,2.7,9.47,-0.7,-1.8,2.6,-5,0,78,115,0.01,0,83,16,7,23,60.9,308,344,3,6,4,10,0,2,2,2,2,5,0,13,0,0,4,0,0,0,0,0,1,0,1,3.1,-2.1,1,6,0
20260305,Dylan Stephens,North Melbourne,-1.7,2.2,0.4,1.2,2.1,7.52,0.9,-3.6,2.9,-2.4,0,70,85,0.01,0,90,15,8,23,78.3,366,123,2,6,1,10,0,4,3,2,2,10,2,7,0,0,0,2,0,0,0,0,1,0,1,2.4,-1.4,0,3,1
20260305,Callum Coleman-Jones,North Melbourne,0.2,1.6,0,0.3,2,5.4,1.1,-1.2,1.5,-0.7,0,23,24,0,0,35,2,4,6,66.7,-3,29,1,1,2,6,0,3,1,1,1,1,1,1,0,0,8,2,2,12,2,0,0,0,0,0,0,0,1,0
20260305,Zak Johnson,Essendon,3.2,0,-0.7,-0.9,1.7,7.43,0,0.6,0.6,-0.9,0,26,32,0,0,72,5,4,9,66.7,170,73,0,1,0,9,0,1,1,1,1,5,1,3,0,0,0,0,0,0,0,0,0,0,0,0,0,0,0,0
20260305,Aidan Corr,North Melbourne,0.6,0.3,0.6,0,1.5,7.39,0,-0.2,0,0.4,0,19,22,0,0,60,5,0,5,80,57,74,1,2,1,8,1,0,0,0,0,2,0,2,0,0,0,0,0,0,0,0,0,0,0,0,0,0,0,0
20260305,Jacob Farrow,Essendon,-0.7,-1.3,0.2,3.3,1.4,5.36,0,1.1,1.5,1,0,49,66,0,0,76,12,1,13,92.3,366,171,1,4,3,9,1,2,1,2,1,3,2,6,0,0,0,0,0,0,0,0,0,0,0,0,0,0,1,0
20260305,Lachy Dovaston,North Melbourne,0.1,0.8,-2.4,-0.2,-1.6,5.44,0,-2,2.1,-2.1,0,33,36,0,0,61,5,2,7,71.4,75,65,0,2,1,7,0,3,3,3,3,1,0,3,0,0,0,0,0,0,0,0,2,1,1,9.7,-2.7,0,2,0
20260306,Zak Butters,Port Adelaide,4.9,6.3,4,5,20.3,16.23,6,13,7.8,10.5,8,126,86,1.78,31,84,14,16,30,83.3,542,496,7,0,1,7,0,14,9,6,4,13,5,1,0,0,83,6,8,0,0,0,1,0,1,2.5,-1.5,0,11,1
20260306,Tim Kelly,West Coast,-0.3,5.7,6.2,3.3,14.8,10.56,5.9,7,10.6,2.8,5,119,68,0.59,10,72,11,12,23,60.9,312,351,6,5,2,9,0,13,12,5,5,7,7,2,1,0,72,7,3,0,0,0,0,0,0,0,0,2,10,4
20260306,Kane Farrell,Port Adelaide,3.6,2.5,3.9,4.3,14.3,8.51,0.2,11.9,4.5,7.3,0,141,109,0.04,1,82,21,4,25,88,758,374,5,6,4,8,4,6,5,5,4,6,5,7,0,0,0,1,1,0,0,0,0,0,0,0,0,0,8,2
20260306,Mitch Georgiades,Port Adelaide,6.8,4.4,1.6,1.5,14.2,6.33,0.1,11.3,7.8,7.1,0,105,95,0.02,0,90,10,2,12,66.7,283,44,2,4,5,10,0,4,2,4,2,2,0,8,0,2,0,0,0,0,0,0,5,3,2,15.5,4.5,2,9,0
20260306,Jack Lukosius,Port Adelaide,3.1,2,0.1,8.5,13.7,7.8,0,11.1,5.5,5.8,0,95,63,0,0,88,10,2,12,83.3,340,162,4,1,3,8,2,5,4,5,4,2,4,4,0,0,0,0,0,0,0,0,2,1,1,9.8,-2.8,2,6,2
20260306,Matt Flynn,West Coast,4.1,1.2,2.7,5.4,13.3,9.63,6.8,1.8,2.7,3.5,0,112,76,0,0,74,3,6,9,88.9,89,167,2,0,7,16,0,5,3,0,0,4,0,0,0,0,76,4,5,70,29,10,0,0,0,0,0,0,5,3
20260306,Josh Lindsay,West Coast,3.8,6.7,2,0.5,13.1,4.74,2.3,8.3,4.3,5.5,0,70,62,0,0,78,11,8,19,84.2,472,189,1,4,1,6,3,6,6,4,4,7,1,3,0,0,0,2,1,0,0,0,0,0,0,0,0,1,5,2
20260306,Bo Allan,West Coast,5.1,3.3,1.6,2.4,12.3,4.99,0,12.1,3.8,7.6,0,69,58,0,0,77,6,4,10,90,244,92,1,1,2,8,0,3,3,3,3,3,4,4,1,0,0,0,0,0,0,0,2,2,0,4.4,7.6,0,4,2
20260306,Harry Schoenberg,West Coast,4,3.9,3.1,0.8,11.8,7.73,3.1,6.8,3.2,6.8,0,59,49,0,0,84,8,5,13,76.9,280,110,2,2,2,10,0,4,4,2,2,6,0,2,0,0,0,2,1,0,0,0,1,0,1,3,-2,1,4,0
20260306,Harley Reid,West Coast,3.6,2.5,6.2,-1.2,11.1,9.83,7.6,7.8,4.7,11.1,5,112,81,1.83,32,79,12,9,21,81,522,225,3,4,2,22,0,8,5,1,1,10,0,3,0,0,86,6,6,0,0,0,2,2,0,7,5,0,9,2
20260306,Liam Baker,West Coast,4.8,0.8,1,3.8,10.4,11.01,0.8,6.3,7,0.4,0,82,67,0.01,0,81,8,12,20,75,213,172,1,5,5,15,1,11,10,7,6,6,6,2,0,0,0,2,2,0,0,0,1,0,1,4.4,-3.4,0,4,2
20260306,Elliot Yeo,West Coast,6.4,4,0,0,10.4,13.14,2.2,6.5,3,5.2,0,46,42,0,0,35,6,1,7,57.1,303,0,5,0,4,13,0,3,3,1,1,4,1,0,0,0,28,1,2,0,0,0,1,1,0,2.5,3.5,1,3,1
20260306,Jack Whitlock,Port Adelaide,4.3,2.9,2.3,0.9,10.3,3.04,2.5,6.8,6.7,1.2,0,86,66,0.01,0,76,4,6,10,80,79,103,0,1,0,2,0,5,4,4,3,1,0,5,0,0,24,0,0,25,8,3,4,3,1,18.2,0.8,0,8,1
20260306,Corey Durdin,Port Adelaide,-0.3,9,1.4,0.1,10.2,5.92,0,8.1,3.1,5.7,0,60,48,0,0,70,4,3,7,57.1,156,56,2,2,3,8,0,3,2,3,2,2,2,3,0,0,0,0,0,0,0,0,2,2,0,8.3,3.7,1,3,0
20260306,Jake Waterman,West Coast,-1.5,2.4,3.7,5.4,10,7.1,0,8.5,6.3,3.1,10,96,76,1.47,24,85,10,3,13,53.8,332,74,2,2,0,1,0,6,2,6,2,2,1,4,0,1,0,0,0,0,0,0,8,4,4,24.1,3.9,0,10,1
20260306,Jase Burgoyne,Port Adelaide,6.6,-0.2,1.6,0.4,8.5,8.75,1.1,3.7,5.1,0.4,0,103,100,0.01,0,82,12,9,21,71.4,335,237,3,3,8,20,0,7,6,5,4,9,2,5,0,0,10,1,2,0,0,0,1,0,1,2.3,-1.3,2,6,0
20260306,Tom McCarthy,West Coast,1.1,3.1,2.1,2,8.4,9.79,0.1,4.8,7,-1.5,0,92,79,0.03,0,83,17,3,20,75,438,183,3,5,1,7,5,5,3,4,2,4,6,7,4,2,0,0,1,0,0,0,0,0,0,0,0,1,1,0
20260306,Willem Duursma,West Coast,1.2,3.2,0.4,3,7.9,7.48,0.1,5.6,7.4,-2,0,104,86,0.04,0,78,13,7,20,65,326,346,3,1,1,13,0,8,3,4,2,4,5,6,2,1,0,4,4,0,0,0,4,1,3,13.1,-4.1,1,7,3
20260306,Aliir Aliir,Port Adelaide,1.2,2,3.8,0.8,7.7,9.07,0,5.7,3.9,1.2,0,73,59,0,0,100,8,4,12,100,187,216,1,2,3,4,0,2,1,2,1,3,5,7,3,1,0,0,0,0,0,0,0,0,0,0,0,0,6,4
20260306,Josh Lai,Port Adelaide,4.3,1.3,2,0,7.6,5.72,0,6.9,5.5,1.8,0,52,53,0,0,75,6,7,13,84.6,181,235,1,1,2,7,0,3,3,3,3,4,7,5,3,0,0,0,0,0,0,0,0,0,0,0,0,0,2,1
20260306,Jordon Sweet,Port Adelaide,4.3,2.1,-0.3,1.5,7.6,10.66,9.4,-1,5.6,-0.4,0,94,83,0,0,81,3,10,13,53.8,191,76,1,1,3,7,0,9,3,1,1,1,0,3,0,0,76,6,6,73,37,10,1,0,1,3.5,-2.5,0,5,4
20260306,Joe Richards,Port Adelaide,4.5,-0.7,1.5,2.2,7.5,8.79,0,5.9,3.9,2,0,65,50,0,0,84,9,5,14,71.4,211,233,5,2,0,8,0,4,4,4,4,4,1,4,0,0,0,0,0,0,0,0,1,0,1,2.9,-1.9,2,6,0
20260306,Jack Watkins,Port Adelaide,4.9,1.9,1.4,-0.7,7.4,6.94,1.9,4.1,2.6,3.4,0,69,73,0.01,0,65,12,7,19,63.2,273,182,4,4,1,15,0,6,4,2,2,7,2,5,0,0,31,3,4,0,0,0,1,1,0,2.7,3.3,0,4,1
20260306,Liam Duggan,West Coast,0,3.5,2.8,1,7.2,7.99,0,6,2,4.6,0,75,54,0,0,77,10,4,14,92.9,269,165,1,1,3,10,2,2,2,2,2,7,3,2,1,0,0,0,0,0,0,0,0,0,0,0,0,0,5,1
20260306,Jason Horne-Francis,Port Adelaide,0.5,0.5,1,5,7,11.25,0.7,5.2,6.9,0.3,0,75,87,0.06,1,81,15,3,18,33.3,357,83,3,5,4,14,0,9,5,5,3,5,1,5,0,1,66,2,5,0,0,0,1,1,0,3.4,2.6,0,6,1
20260306,Esava Ratugolea,Port Adelaide,2.7,2.5,1.5,0,6.7,7.98,0,5.7,6.2,-0.5,0,50,42,0,0,64,7,4,11,90.9,4,151,0,1,0,2,0,5,3,5,3,1,8,5,3,1,0,0,0,0,0,0,0,0,0,0,0,0,4,3
20260306,Lachie Jones,Port Adelaide,0.7,0.8,1.4,3.6,6.5,8.07,0,6.3,0.3,6.2,0,52,36,0,0,78,7,1,8,100,237,52,0,1,1,9,1,1,1,1,1,3,2,2,0,0,0,0,0,0,0,0,1,1,0,2.3,3.7,0,2,0
20260306,Archer Reid,West Coast,0.1,0.9,2.7,2.3,6.2,6.02,0.2,6.7,2,5.4,0,45,32,0,0,74,3,2,5,100,141,174,1,0,1,5,0,2,1,2,1,1,0,3,0,1,10,0,0,13,6,1,0,0,0,0,0,3,5,0
20260306,Will Brodie,Port Adelaide,1.7,-0.4,3.7,0.9,5.9,11.85,2.3,3.3,4.6,2,0,67,56,0,0,42,4,14,18,83.3,65,130,1,1,3,13,0,10,8,5,4,5,4,2,0,0,28,3,5,0,0,0,0,0,0,0,0,0,1,0
20260306,Deven Robertson,West Coast,-1.3,2.8,0.8,3.4,5.7,7.52,3.8,0,4.3,2.4,0,53,41,0.02,0,83,6,10,16,75,311,202,5,5,3,18,0,8,4,2,2,8,0,0,0,0,76,5,4,0,0,0,0,0,0,0,0,0,3,0
20260306,Tylar Young,West Coast,0.7,4.1,0.1,0.7,5.6,8.26,0,6.7,6.5,0.6,0,69,61,0,0,85,11,1,12,83.3,187,178,0,2,2,4,1,5,4,5,4,0,8,7,3,1,0,0,0,0,0,0,0,0,0,0,0,0,1,0
20260306,Cooper Duff-Tytler,West Coast,0.4,2.6,1.8,0.7,5.6,7.22,2.1,1.3,4.3,-1.6,0,42,38,0,0,72,6,5,11,45.5,145,92,0,4,0,4,0,7,4,4,3,2,0,2,0,0,14,2,3,15,5,1,1,0,1,2.2,-1.2,0,4,0
20260306,Darcy Byrne-Jones,Port Adelaide,1,0.4,-0.2,4.3,5.5,7.41,0.2,1.4,1.2,-0.5,0,73,61,0,0,83,6,9,15,66.7,185,251,3,2,3,17,0,2,1,1,0,9,0,2,0,0,0,0,1,0,0,0,3,1,0,12,-6,1,9,0
20260306,Hamish Davis,West Coast,1.5,2.4,0.4,1,5.3,6.98,1.3,1.2,3.1,-1,0,72,63,0,0,80,6,6,12,58.3,56,241,0,1,5,13,0,5,3,2,1,5,2,2,0,0,0,3,3,0,0,0,1,1,0,5.3,0.7,0,3,0
20260306,Logan Evans,Port Adelaide,1.1,1.6,0.4,1.7,4.8,6.92,-1.4,3.3,4.5,-3,0,74,68,0,0,90,15,4,19,73.7,287,280,0,5,0,9,3,5,2,5,2,6,7,5,2,1,0,0,0,0,0,0,0,0,0,0,0,0,3,1
20260306,Reuben Ginbey,West Coast,0.3,0.2,1.8,1.6,4,9.58,0,4.9,3.4,-0.7,0,57,33,0,0,92,4,1,5,80,158,0,1,3,3,9,0,4,2,4,2,0,4,2,0,0,0,0,0,0,0,0,0,0,0,0,0,0,1,1
20260306,Joe Berry,Port Adelaide,3,0.6,0,-0.1,3.5,5.52,0,2.8,2.5,1.2,0,24,26,0,0,70,5,2,7,71.4,161,115,4,2,0,10,0,3,3,3,3,2,1,2,0,0,0,0,0,0,0,0,1,0,1,2.8,-1.8,1,4,1
20260306,Jobe Shanahan,West Coast,-0.4,-2.2,3.1,2.7,3.2,5.5,0,2.3,9.6,-4.7,2,67,48,0.01,0,89,8,5,13,53.8,262,86,1,8,0,8,0,10,5,10,5,2,7,6,3,4,0,0,0,0,0,0,1,0,1,2.5,-1.5,0,3,1
20260306,Jack Graham,West Coast,-0.5,3,1.8,-1.2,3.1,9.35,3.3,-0.9,3.2,0.2,0,65,80,0.01,0,72,10,3,13,69.2,146,228,0,2,9,34,0,6,3,1,1,5,0,3,0,0,38,3,4,0,0,0,1,1,0,2.7,3.3,1,4,3
20260306,Willem Drew,Port Adelaide,-2,-0.1,0.9,4,2.8,11.19,0.1,1.1,5.2,-4.1,0,73,87,0.04,1,76,8,12,20,55,231,220,4,3,8,25,0,10,1,4,0,7,2,1,0,0,79,3,5,0,0,0,0,0,0,0,0,1,6,0
20260306,Jacob Newton,West Coast,-0.2,1.7,1.3,-0.1,2.7,5.88,0,1.1,2.7,-2.2,0,26,37,0,0,81,4,2,6,50,153,34,2,2,3,8,0,2,0,2,0,1,2,2,1,0,0,0,0,0,0,0,1,0,1,2.6,-1.6,0,1,1
20260306,Ewan Mackinlay,Port Adelaide,0.2,1.4,-2.7,3.4,2.3,7.28,0.8,2.4,2.6,0,0,36,43,0,0,79,7,2,9,44.4,241,-2,1,4,3,9,0,2,1,2,1,4,1,2,0,0,3,1,0,0,0,0,0,0,0,0,0,0,2,1
20260306,Brady Hough,West Coast,0.1,1,0.1,0.6,1.9,7.12,1.4,-1.6,1.1,-1.7,0,40,29,0,0,86,4,7,11,72.7,150,78,0,3,0,8,0,2,2,1,1,7,1,3,0,0,0,1,1,0,0,0,0,0,0,0,0,0,1,0
20260306,Jacob Wehr,Port Adelaide,1.1,-0.5,-0.3,1.3,1.5,5.73,-0.1,0.4,1.9,-0.8,0,53,65,0,0,81,9,6,15,53.3,259,116,2,2,4,13,0,4,4,1,1,5,2,4,0,0,0,1,2,0,0,0,1,0,1,1.5,-0.5,0,5,1
20260306,Jackson Mead,Port Adelaide,0.5,1.9,0.2,-1.5,1.1,6.84,0,-0.2,2.8,-2.5,0,43,47,0,0,78,10,2,12,75,292,18,1,5,1,7,3,3,2,3,2,2,4,4,1,1,0,0,0,0,0,0,0,0,0,0,0,0,1,0
20260306,Jamie Cripps,West Coast,-0.1,0.5,3.6,-5.2,-1.2,6.79,0,-2.3,3,-4.7,0,38,55,0,0,83,7,3,10,40,207,17,2,4,2,9,0,1,1,1,1,3,0,5,0,0,0,0,0,0,0,0,3,1,2,11,-3,0,4,0
20260307,Kysaiah Pickett,Melbourne,0.5,-1.6,9.8,14.5,23.2,12.09,8.3,12.7,10.9,11,10,135,134,2.84,85,83,24,9,33,42.4,834,222,10,9,4,20,0,11,7,4,3,9,5,7,1,0,79,6,8,0,0,0,3,1,2,7.5,0.5,3,10,5
20260307,Elijah Hollands,Carlton,4.6,5.4,0.5,11.5,22,8.48,1.1,19.6,6.1,16,1,108,78,0.03,0,67,10,15,25,80,284,237,3,2,0,9,0,9,9,7,7,11,4,3,0,0,21,2,3,0,0,0,2,2,0,5.6,6.4,1,7,2
20260307,Max Gawn,Melbourne,1.3,5,4,8.6,18.9,16.01,15.2,1.8,10,2.1,6,131,141,1.27,9,85,11,12,23,56.5,362,212,5,4,3,6,0,13,5,3,0,5,2,4,1,2,83,6,8,94,58,17,1,0,0,1.5,-1.5,0,5,5
20260307,Bayley Fritsch,Melbourne,0.4,3.6,6.4,7.2,17.7,8.96,0,16.3,3.2,13,2,91,74,0.1,0,86,7,2,9,88.9,228,24,1,0,3,7,0,2,2,2,2,3,0,4,0,0,0,0,0,0,0,0,5,4,1,18.1,6.9,0,6,0
20260307,Mitch McGovern,Carlton,10.9,-1,7.1,-0.4,16.6,9.72,0,14.3,8.8,7.8,0,84,69,0,0,73,7,6,13,84.6,240,120,2,2,2,10,0,9,7,9,7,2,2,2,0,0,0,0,0,0,0,0,5,3,2,16.4,3.6,0,8,2
20260307,Jake Lever,Melbourne,4.7,6.3,0.7,5,16.6,8.54,0,15.7,9.1,5.3,6,117,98,0.16,0,100,17,4,21,90.5,403,369,2,2,2,6,0,7,5,7,5,4,11,10,4,1,0,0,0,0,0,0,0,0,0,0,0,0,2,1
20260307,Kade Chandler,Melbourne,0.9,6.7,6.3,1.9,15.8,9.75,4.4,6,6.5,5.1,0,107,96,0.02,0,83,9,7,16,68.8,241,142,1,1,9,24,0,7,5,3,3,8,2,3,0,0,0,2,2,0,0,0,2,2,0,8.1,3.9,0,6,1
20260307,Patrick Cripps,Carlton,10.1,1.7,-0.3,3.7,15.1,13.26,10.2,-0.6,6.3,4,0,92,89,0.06,0,84,7,14,21,57.1,183,156,3,2,8,16,0,15,8,1,0,5,0,2,0,0,76,9,13,0,0,0,1,1,0,1.7,4.3,0,7,3
20260307,Tom Sparrow,Melbourne,0.3,1.9,5.8,6.6,14.7,7.09,9.3,2.3,6.8,5.3,1,104,114,0.9,5,71,15,14,29,62.1,427,296,3,8,7,23,0,13,10,2,2,11,1,2,1,0,72,9,10,0,0,0,2,1,1,6.1,0.9,0,6,1
20260307,Jack Steele,Melbourne,-0.7,1.7,7.2,5.6,13.8,11.03,3.5,4.2,7.5,1.2,4,109,135,0.34,1,74,10,13,23,65.2,386,136,3,6,16,32,0,10,8,4,4,8,3,5,1,0,86,4,3,0,0,0,0,0,0,0,0,0,4,1
20260307,Jacob Weitering,Carlton,3.2,1.8,4.9,3.3,13.3,9.89,0,13.3,6.8,3.1,0,95,68,0,0,93,11,6,17,76.5,223,384,0,2,1,7,1,8,6,8,6,3,11,6,3,1,0,0,0,2,0,0,0,0,0,0,0,0,2,1
20260307,Jai Culley,Melbourne,3.3,3.1,3,3.4,12.9,8.37,3.1,7.7,5.8,4.2,0,85,66,0.01,0,81,8,10,18,83.3,245,312,3,1,3,11,0,8,6,4,3,5,4,3,1,0,10,3,3,0,0,0,0,0,0,0,0,0,5,2
20260307,Ed Langdon,Melbourne,3,1.7,4.5,3.8,12.9,6.55,1,11.7,2.2,9.7,0,66,78,0.01,0,90,7,6,13,84.6,218,262,0,2,4,15,0,4,2,3,1,3,1,5,0,0,0,1,1,0,0,0,2,2,0,3.4,8.6,0,6,1
20260307,Tom McDonald,Melbourne,3.6,4.1,3.1,2,12.8,8.21,0,11.2,5.3,4,0,88,64,0.01,0,99,11,7,18,83.3,257,159,1,2,1,5,0,5,4,5,4,3,8,5,1,0,0,0,0,0,0,0,0,0,0,0,0,0,2,0
20260307,Sam Walsh,Carlton,3.4,5.5,0.1,3.2,12.1,12.62,1.9,3.4,6.4,-0.6,0,102,105,0.09,0,77,13,18,31,67.7,430,264,3,3,6,21,0,9,6,4,4,20,2,2,0,0,86,3,4,0,0,0,2,0,2,4.7,-2.7,0,6,0
20260307,Oliver Florent,Carlton,3.5,-0.7,3.7,5.2,11.6,8.08,4,4.2,5.7,2.5,0,104,76,0,0,87,15,2,17,82.4,501,232,2,6,5,21,2,6,4,2,1,6,5,2,2,1,0,4,2,0,0,0,1,0,0,1.5,-1.5,0,3,2
20260307,Zac Williams,Carlton,1.7,8.2,1.6,0,11.5,10.92,5.3,5.3,5.1,5.5,0,51,61,0,0,56,11,8,19,73.7,455,214,4,5,2,8,4,7,7,3,3,5,4,1,0,0,0,4,2,0,0,0,0,0,0,0,0,0,3,2
20260307,Koltyn Tholstrup,Melbourne,2.1,4.7,1.1,3.4,11.2,5.6,2.3,6.4,5.6,3.1,0,66,59,0.01,0,78,6,9,15,93.3,95,373,3,0,1,12,1,7,1,4,0,4,4,6,2,1,7,2,2,0,0,0,0,0,0,0,0,2,3,0
20260307,Harvey Langford,Melbourne,3.8,3.5,0.4,3,10.7,9.79,-2.3,11.9,3.8,6.5,0,74,71,0.02,0,73,10,6,16,62.5,362,86,3,2,1,13,0,7,3,4,2,6,0,5,0,1,0,1,2,0,0,0,3,2,0,8.6,3.4,1,3,0
20260307,Harry Dean,Carlton,0.6,3,4.4,1.9,10,6.19,1.6,5.8,4.4,0.8,0,61,54,0,0,81,8,2,10,80,171,26,1,3,2,11,0,2,2,1,1,2,4,6,3,0,0,1,1,0,0,0,0,0,0,0,0,0,0,0
20260307,Matthew Carroll,Carlton,7.2,1.9,-0.5,0.8,9.4,7.06,0,7.5,2.4,4.3,0,53,58,0,0,78,9,6,15,60,414,86,4,5,1,10,1,4,4,4,4,5,4,3,0,0,0,0,0,0,0,0,1,1,0,5.1,0.9,0,2,0
20260307,Oliver Hollands,Carlton,0,2.2,3.3,3.8,9.3,7.09,0,7.2,5.2,1.5,0,112,97,0.01,0,92,16,7,23,87,414,334,2,4,2,11,2,5,4,5,4,6,7,9,2,1,0,0,0,0,0,0,0,0,0,0,0,1,3,0
20260307,Christian Salem,Melbourne,3.8,0.5,2,2.9,9.3,8.65,0,6.4,6.9,1.1,0,77,68,0.01,0,83,13,7,20,75,330,328,1,4,2,16,5,9,9,8,8,3,7,3,0,0,0,1,0,0,0,0,0,0,0,0,0,0,1,0
20260307,Ben Ainsworth,Carlton,0.8,2.9,2.9,2.6,9.2,6.75,0.4,6.8,3.8,3.3,0,77,85,0,0,77,11,6,17,76.5,297,169,1,3,3,9,0,4,2,3,2,6,2,7,0,1,0,1,1,0,0,0,2,1,1,5.9,1.1,0,5,1
20260307,Lewis Young,Carlton,0.8,4.9,-0.5,3.8,8.9,6.65,3.1,3.5,7.4,-2.8,0,67,61,0,0,96,11,5,16,62.5,256,200,0,5,0,4,0,6,5,5,4,4,7,6,2,1,0,1,1,7,3,2,0,0,0,0,0,0,1,1
20260307,Caleb Windsor,Melbourne,2.4,0.7,0.6,5,8.7,7.8,-3.2,7.3,3.3,0.5,0,70,96,0.05,0,72,13,11,24,50,447,222,8,3,5,15,0,5,2,2,2,9,2,5,0,0,45,1,3,0,0,0,0,0,0,0,0,1,4,0
20260307,Harry McKay,Carlton,-0.7,3.5,5.2,0.5,8.5,9,0,7.8,10,-0.3,0,72,85,0,0,97,12,4,16,50,329,-8,3,5,3,9,0,10,6,10,6,1,0,9,0,3,0,0,0,0,0,0,4,1,1,8.1,-1.1,0,5,0
20260307,Lachlan Cowan,Carlton,1,3.5,1.9,1.9,8.4,6.39,2.8,5.3,3.8,3.9,0,51,58,0,0,89,11,5,16,81.3,318,122,2,3,0,10,0,6,5,4,4,3,5,6,1,0,0,2,3,0,0,0,0,0,0,0,0,0,1,0
20260307,Campbell Chesser,Carlton,2,0.9,1.8,3.3,8,6.3,0.2,3.6,3.8,-1.4,0,71,66,0,0,81,6,8,14,71.4,228,98,3,2,5,17,0,3,3,2,2,6,4,4,1,0,0,1,1,0,0,0,0,0,0,0,0,0,3,0
20260307,Harry Sharp,Melbourne,1.1,1.1,0,4.7,7,7.55,1.1,1.3,3.3,0.1,0,71,68,0,0,76,7,6,13,61.5,273,28,7,4,7,19,0,4,2,2,2,7,1,2,0,0,0,1,2,0,0,0,1,1,0,4.9,1.1,0,3,1
20260307,Talor Byrne,Carlton,5.2,0.9,1.2,-0.5,6.8,5.72,0,6,3.4,2.8,0,52,37,0,0,62,4,4,8,50,179,81,1,0,2,13,0,4,3,3,2,2,1,2,0,1,0,0,1,0,0,0,1,1,0,2.4,3.6,1,4,0
20260307,Xavier Lindsay,Melbourne,2.9,2.6,1.4,-0.4,6.6,7.1,1.1,3.5,2.8,1.6,0,69,67,0.01,0,70,12,6,18,72.2,329,254,1,1,1,6,4,4,4,2,2,5,2,5,1,0,0,2,0,0,0,0,1,0,0,1.5,-1.5,1,2,0
20260307,Jagga Smith,Carlton,2.8,0.3,0.8,2.3,6.2,6.89,3.1,0.6,4,-0.3,0,88,85,0.02,0,75,13,12,25,60,238,367,4,4,1,10,0,8,7,1,1,10,1,4,0,0,52,3,4,0,0,0,1,1,0,3.9,2.1,2,7,1
20260307,Marc Pittonet,Carlton,2.3,-0.9,1.4,1.8,4.7,13.91,2,1.8,3.8,0,0,49,39,0,0,70,4,4,8,50,108,38,3,1,0,6,0,5,1,2,0,2,1,2,1,1,76,0,3,82,19,6,0,0,0,0,0,1,4,3
20260307,Will Hayward,Carlton,3.5,-1.4,2,0.3,4.4,7.27,0,1.5,3.4,-1.9,0,41,63,0,0,78,9,6,15,53.3,347,59,5,4,2,9,0,3,2,3,2,7,1,5,0,1,0,0,0,0,0,0,2,0,1,4.4,-3.4,0,5,0
20260307,George Hewett,Carlton,1.3,-0.3,2.7,0.5,4.2,11.69,2.8,-1.4,6.6,-3.6,0,75,77,0,0,85,9,9,18,72.2,37,238,1,2,4,23,0,11,7,3,2,4,0,5,0,0,66,5,7,0,0,0,2,0,2,6.3,-4.3,0,6,2
20260307,Harrison Petty,Melbourne,1.2,1,2.2,-0.3,4.1,6.74,0,4.7,6.3,-0.7,0,41,30,0,0,90,3,5,8,62.5,61,133,0,3,1,8,0,6,4,6,4,1,7,3,2,1,3,0,0,2,1,0,0,0,0,0,0,0,3,3
20260307,Blake Howes,Melbourne,-0.6,3.2,-0.3,1.6,3.9,5.91,0,1.9,3,-0.8,0,47,57,0,0,80,5,8,13,69.2,98,210,3,3,5,12,0,2,2,2,2,6,5,3,1,0,0,0,0,0,0,0,0,0,0,0,0,0,2,0
20260307,Paddy Cross,Melbourne,-0.5,0,1.1,3.3,3.8,5.36,0,4.6,2.6,3.3,0,36,24,0,0,61,2,4,6,83.3,25,0,0,2,0,2,0,2,2,2,2,1,1,1,0,0,0,0,0,0,0,0,1,1,0,3.6,2.4,1,3,1
20260307,Francis Evans,Carlton,2.7,0.8,0.2,-1.1,2.6,8.17,-0.6,-0.2,0.8,-0.2,0,49,41,0,0,68,6,5,11,81.8,210,290,2,2,3,17,0,0,0,0,0,8,0,2,0,0,0,1,0,0,0,0,1,0,1,2.8,-1.8,2,4,1
20260307,Latrelle Pickett,Melbourne,0.1,-0.6,3.4,-0.3,2.6,4.81,0.2,-0.7,1.7,1.2,0,32,43,0,0,72,4,5,9,66.7,159,155,4,1,3,14,0,2,1,1,1,2,1,4,0,0,0,0,1,0,0,0,1,0,0,1.9,-1.9,1,1,0
20260307,Changkuoth Jiath,Melbourne,-0.9,2.4,0,0,1.5,7.1,0,0.6,1.4,1,0,38,44,0,0,28,8,3,11,90.9,188,131,1,2,1,9,1,2,0,2,0,4,2,3,0,0,0,0,0,0,0,0,0,0,0,0,0,0,2,1
20260307,Hudson O'Keeffe,Carlton,0,0.9,-0.1,-1.6,-0.8,3.62,-0.6,-1.3,1.3,-1.9,0,12,11,0,0,44,1,2,3,33.3,23,31,1,1,0,6,0,2,1,0,0,0,0,1,0,0,24,1,2,23,4,2,0,0,0,0,0,0,1,1
20260307,Brodie Kemp,Carlton,1.1,-0.2,0,-1.9,-1,6.14,0,-1.4,2,-1.7,0,29,33,0,0,89,5,2,7,57.1,87,71,1,4,2,11,0,2,2,2,2,0,1,3,1,0,0,0,0,0,0,0,1,0,0,1.2,-1.2,0,0,0
20260307,Jacob van Rooyen,Melbourne,-1.4,-2.3,0,0.6,-3,7.83,-0.2,-3.9,0.4,-3.4,0,21,39,0,0,81,5,0,5,80,197,0,3,2,2,12,0,0,0,0,0,2,0,3,0,0,14,0,0,12,6,0,1,0,1,3.7,-2.7,0,4,0
20260307,Brody Mihocek,Melbourne,-0.8,-3.7,1.5,-2,-5,6.33,1,-8.4,2.1,-6.7,0,28,54,0,0,84,7,4,11,36.4,150,63,1,4,1,7,0,3,3,2,2,2,1,4,0,0,0,1,1,5,3,1,4,1,3,13.4,-4.4,0,5,2
